0,0,337.85,-347.3,10,3,0.250753
1,0,-114.95,-344.3,10,3,0.0137975
2,0,-272.35,-284.7,10,3,0.690489
3,0,116.85,-282.2,10,3,0.0525092
4,0,-242.55,-280.2,10,3,0.936144
5,0,-254.45,-277.3,10,3,0.911149
6,0,-261.95,-259.9,10,3,0.34583
7,0,-410.85,-249.4,10,3,0.971139
8,0,-398.45,-234.6,10,3,0.963176
9,0,-108.55,-222.6,10,3,0.59536
10,0,-462.95,-203.8,10,3,0.508523
11,0,107.95,-174,10,3,0.981132
12,0,-368.15,-169.5,10,3,0.15687
13,0,437.05,-148.2,10,3,0.965877
14,0,-116.45,-111.9,10,3,0.540998
15,0,-150.75,-110.9,10,3,0.415004
16,0,-463.95,-86.1,10,3,0.452635
17,0,-143.75,-49.4,10,3,0.130997
18,0,-218.75,-34.5,10,3,0.468317
19,0,411.75,-27,10,3,0.134096
20,2,75.65,14.7,5,4,0
21,0,-129.35,17.7,10,3,0.641783
22,0,346.25,21.1,10,3,0.215493
23,0,-460.55,32,10,3,0.570354
24,0,51.35,34,10,3,0.552957
25,0,-50.95,42.5,10,3,0.23782
26,0,-438.15,48.4,10,3,0.443187
27,0,69.75,83.7,10,3,0.461341
28,0,90.55,84.2,10,3,0.424788
29,0,106.95,117.4,10,3,0.645685
30,0,348.25,119.4,10,3,0.496973
31,0,335.35,131.3,10,3,0.068369
32,0,82.65,188.9,10,3,0.818009
33,0,-180.05,189.4,10,3,0.610436
34,0,-239.05,198.4,10,3,0.160036
35,0,-462.95,198.9,10,3,0.901956
36,0,-244.55,198.9,10,3,0.361339
37,0,-39.55,198.9,10,3,0.0420003
38,0,170.95,215.2,10,3,0.493781
39,0,-146.75,224.2,10,3,0.540893
40,0,321.95,225.2,10,3,0.533203
41,0,289.15,232.1,10,3,0.905411
42,0,401.35,249.5,10,3,0.613017
43,0,88.55,259.4,10,3,0.18252
44,0,-173.55,267.4,10,3,0.668929
45,0,-290.75,287.7,10,3,0.110875
46,0,-108.55,288.7,10,3,0.558113
47,0,-296.65,292.7,10,3,0.812574
48,4,-310.05,305.6,5,8,0
49,0,-380.55,309.1,10,3,0.562432
50,1,-345.85,320,10,1,0
51,0,-71.75,321,10,3,0.726663
52,0,116.35,-347.3,10,3,0.100081
53,0,128.25,-346.3,10,3,0.987392
54,0,319.95,-345.3,10,3,0.575338
55,0,-263.45,-330.9,10,3,0.165807
56,0,-119.45,-319.5,10,3,0.997732
57,0,-285.25,-318,10,3,0.657187
58,0,-233.65,-316,10,3,0.358375
59,0,-257.45,-316.5,10,3,0.666275
60,0,-169.05,-316,10,3,0.93511
61,0,327.85,-315.5,10,3,0.983709
62,0,343.75,-313.5,10,3,0.181233
63,0,-224.65,-310.5,10,3,0.54472
64,0,-293.75,-309,10,3,0.221422
65,0,91.05,-307.5,10,3,0.721068
66,0,-85.15,-307,10,3,0.748987
67,0,343.75,-305.1,10,3,0.392923
68,0,-337.35,-304.6,10,3,0.716978
69,0,-301.15,-304.6,10,3,0.00703685
70,0,-218.25,-303.6,10,3,0.272192
71,0,-229.15,-301.1,10,3,0.305927
72,0,-360.75,-299.6,10,3,0.862155
73,0,344.25,-297.6,10,3,0.514683
74,0,-354.25,-295.1,10,3,0.250115
75,0,-347.85,-291.2,10,3,0.0990303
76,0,-326.95,-290.2,10,3,0.246258
77,0,-274.85,-290.2,10,3,0.740518
78,0,112.45,-289.7,10,3,0.0282502
79,0,-186.95,-283.7,10,3,0.956591
80,0,97.55,-280.2,10,3,0.502251
81,0,132.75,-278.7,10,3,0.509639
82,2,88.05,-277.7,5,4,0
83,0,326.85,-275.3,10,3,0.289962
84,0,115.35,-277.7,10,3,0.485425
85,0,403.85,-276.8,10,3,0.0404819
86,0,101.45,-273.8,10,3,0.407459
87,0,95.05,-272.8,10,3,0.0782524
88,0,87.05,-270.8,10,3,0.948136
89,0,-283.25,-265.3,10,3,0.17509
90,0,-293.75,-264.3,10,3,0.0818048
91,0,75.15,-260.4,10,3,0.171514
92,0,-173.05,-259.4,10,3,0.283001
93,0,-244.55,-257.4,10,3,0.632506
94,0,-361.75,-254.9,10,3,0.248485
95,0,-320.05,-253.9,10,3,0.852338
96,0,-331.95,-253.4,10,3,0.605957
97,0,-262.45,-251.4,10,3,0.353696
98,0,-359.75,-247.5,10,3,0.987148
99,0,-326.45,-248.5,10,3,0.84926
100,0,-407.35,-243.5,10,3,0.4631
101,0,-370.15,-243,10,3,0.936149
102,0,-255.95,-240.5,10,3,0.886045
103,0,367.55,-240,10,3,0.0862055
104,0,-298.15,-240.5,10,3,0.902515
105,0,-277.35,-236,10,3,0.0592218
106,0,-439.15,-236,10,3,0.317185
107,0,159.05,-235.1,10,3,0.705956
108,0,388.45,-232.1,10,3,0.677486
109,0,-364.65,-230.1,10,3,0.0521506
110,0,177.95,-231.1,10,3,0.503141
111,0,169.55,-230.1,10,3,0.818778
112,0,-401.95,-229.6,10,3,0.0695464
113,0,128.75,-229.6,10,3,0.552649
114,0,-412.35,-228.6,10,3,0.655585
115,0,-343.85,-228.6,10,3,0.999739
116,0,-291.75,-229.1,10,3,0.311506
117,0,-360.25,-228.1,10,3,0.377886
118,0,-381.55,-228.1,10,3,0.126289
119,0,-92.15,-228.1,10,3,0.639872
120,0,-392.05,-226.6,10,3,0.411685
121,0,79.15,-225.6,10,3,0.237459
122,0,189.35,-225.6,10,3,0.274648
123,0,114.85,-222.6,10,3,0.0835774
124,0,-311.55,-223.6,10,3,0.408085
125,0,33.95,-222.6,10,3,0.530305
126,0,155.15,-223.1,10,3,0.66532
127,1,68.75,-222.1,10,1,0
128,0,197.75,-220.7,10,3,0.639308
129,0,-93.65,-220.2,10,3,0.683344
130,0,-354.75,-219.7,10,3,0.0928907
131,0,-450.05,-217.7,10,3,0.389576
132,0,-399.45,-219.2,10,3,0.212228
133,0,-296.15,-216.7,10,3,0.382781
134,0,114.85,-217.7,10,3,0.155678
135,0,-166.65,-217.2,10,3,0.641862
136,0,63.75,-214.7,10,3,0.949609
137,0,-346.35,-215.7,10,3,0.118053
138,0,-286.75,-214.7,10,3,0.156875
139,0,155.65,-213.7,10,3,0.782627
140,0,-376.15,-213.2,10,3,0.845856
141,0,-462.05,-213.2,10,3,0.211454
142,0,-137.85,-211.2,10,3,0.90701
143,0,-133.85,-210.7,10,3,0.791536
144,0,-129.35,-209.7,10,3,0.786441
145,0,-96.15,-209.2,10,3,0.142826
146,0,-347.35,-208.2,10,3,0.108784
147,0,-280.75,-207.2,10,3,0.106794
148,0,-296.65,-205.3,10,3,0.579349
149,0,-386.55,-202.8,10,3,0.719767
150,0,174.45,-202.8,10,3,0.73872
151,0,-434.25,-202.3,10,3,0.945432
152,0,-378.55,-200.3,10,3,0.595129
153,0,208.25,-196.8,10,3,0.0780747
154,0,50.85,-192.9,10,3,0.501672
155,0,-456.05,-193.8,10,3,0.259058
156,0,-313.55,-191.4,10,3,0.236942
157,0,-336.35,-190.4,10,3,0.786166
158,0,164.55,-189.4,10,3,0.122763
159,0,182.95,-188.4,10,3,0.547094
160,0,212.15,-187.9,10,3,0.272256
161,0,-368.15,-187.4,10,3,0.713462
162,0,-334.45,-187.9,10,3,0.0695089
163,0,-433.75,-185.9,10,3,0.703391
164,0,-296.65,-185.9,10,3,0.745617
165,0,219.15,-185.9,10,3,0.542991
166,1,73.65,-184.4,10,1,0
167,0,166.05,-184.4,10,3,0.402743
168,0,198.25,-181.9,10,3,0.0714327
169,0,-368.65,-181.9,10,3,0.0852446
170,0,-307.15,-181.4,10,3,0.340151
171,0,128.25,-178.9,10,3,0.920795
172,0,-171.05,-178.9,10,3,0.819181
173,0,-174.55,-176.5,10,3,0.938848
174,0,-191.95,-176.5,10,3,0.399186
175,0,132.75,-177.5,10,3,0.0444196
176,0,123.35,-175.5,10,3,0.0504109
177,0,-369.65,-176,10,3,0.857476
178,0,147.15,-175,10,3,0.562447
179,0,199.25,-175.5,10,3,0.135433
180,0,172.95,-175,10,3,0.462328
181,0,-322.95,-174.5,10,3,0.293891
182,0,118.35,-173,10,3,0.625237
183,1,221.15,-172.5,10,1,0
184,0,-434.65,-172,10,3,0.00676217
185,0,-129.85,-171.5,10,3,0.102872
186,0,165.55,-171,10,3,0.565609
187,0,139.25,-170.5,10,3,0.989176
188,0,175.95,-169.5,10,3,0.369458
189,0,155.65,-169,10,3,0.773072
190,0,80.15,-165,10,3,0.926751
191,0,-457.05,-167.5,10,3,0.45877
192,0,-421.25,-167.5,10,3,0.0764457
193,0,448.05,-167,10,3,0.754253
194,0,138.75,-164.6,10,3,0.0194577
195,0,146.65,-165.5,10,3,0.823554
196,0,160.05,-166.5,10,3,0.0603172
197,0,104.45,-166,10,3,0.861993
198,0,117.35,-165.5,10,3,0.724807
199,0,130.75,-166.5,10,3,0.728228
200,0,-372.65,-164.6,10,3,0.205566
201,0,220.15,-164.6,10,3,0.310852
202,0,176.95,-164.1,10,3,0.719617
203,0,197.35,-164.1,10,3,0.130383
204,0,-378.15,-164.1,10,3,0.682031
205,0,110.45,-162.6,10,3,0.464948
206,0,45.85,-162.6,10,3,0.787739
207,0,134.25,-162.1,10,3,0.470569
208,0,151.65,-162.1,10,3,0.236576
209,0,168.05,-162.1,10,3,0.530678
210,0,41.95,-161.1,10,3,0.596255
211,0,121.85,-158.6,10,3,0.790119
212,0,215.15,-159.6,10,3,0.246787
213,0,-276.85,-160.6,10,3,0.810174
214,0,208.25,-160.6,10,3,0.131521
215,0,177.95,-160.1,10,3,0.323175
216,0,150.15,-158.1,10,3,0.892129
217,0,166.55,-156.1,10,3,0.70539
218,0,133.25,-157.6,10,3,0.335872
219,0,188.85,-157.1,10,3,0.407071
220,0,246.95,-157.1,10,3,0.213901
221,0,74.65,-156.6,10,3,0.691732
222,0,235.55,-155.6,10,3,0.119596
223,0,142.15,-156.6,10,3,0.573479
224,0,111.45,-156.1,10,3,0.106421
225,0,171.45,-155.1,10,3,0.928175
226,0,228.55,-156.1,10,3,0.0354693
227,0,211.75,-154.1,10,3,0.536116
228,0,238.05,-153.1,10,3,0.666832
229,0,67.25,-154.1,10,3,0.575422
230,0,205.75,-154.6,10,3,0.162954
231,0,151.15,-152.1,10,3,0.5043
232,0,199.75,-153.6,10,3,0.885292
233,0,93.05,-152.1,10,3,0.291327
234,0,135.25,-151.1,10,3,0.149474
235,0,217.15,-150.7,10,3,0.412903
236,0,223.15,-151.1,10,3,0.126531
237,0,107.45,-150.2,10,3,0.580596
238,0,172.95,-151.6,10,3,0.32929
239,0,167.55,-149.7,10,3,0.281259
240,0,204.75,-150.2,10,3,0.963054
241,0,192.35,-146.7,10,3,0.737281
242,0,101.95,-145.7,10,3,0.270318
243,0,144.15,-147.7,10,3,0.5426
244,0,197.75,-147.2,10,3,0.841675
245,0,52.35,-146.7,10,3,0.576875
246,0,115.35,-147.2,10,3,0.135297
247,4,-299.15,-146.2,5,8,0
248,0,185.85,-145.2,10,3,0.57623
249,0,222.65,-146.7,10,3,0.614005
250,0,243.95,-146.2,10,3,0.41782
251,0,271.75,-146.2,10,3,0.403022
252,0,-230.15,-145.7,10,3,0.954651
253,0,207.75,-144.2,10,3,0.0103565
254,0,201.25,-145.2,10,3,0.197153
255,0,405.85,-145.7,10,3,0.516102
256,0,148.65,-145.2,10,3,0.382389
257,0,131.75,-143.2,10,3,0.745199
258,0,181.45,-144.7,10,3,0.769494
259,0,213.15,-144.7,10,3,0.862667
260,0,281.25,-144.2,10,3,0.484634
261,0,107.45,-143.7,10,3,0.786842
262,0,225.15,-143.2,10,3,0.289651
263,0,189.35,-142.7,10,3,0.572867
264,2,401.35,-142.7,5,4,0
265,0,34.45,-140.2,10,3,0.046038
266,0,169.05,-142.2,10,3,0.223995
267,0,112.45,-141.2,10,3,0.137237
268,0,81.15,-139.7,10,3,0.204745
269,0,119.35,-139.2,10,3,0.864139
270,0,263.85,-140.2,10,3,0.154801
271,0,68.75,-137.7,10,3,0.590043
272,0,41.95,-139.7,10,3,0.328704
273,0,180.95,-138.7,10,3,0.256311
274,0,238.05,-138.2,10,3,0.00605721
275,0,-130.85,-138.7,10,3,0.839048
276,0,141.25,-139.2,10,3,0.852473
277,2,402.35,-138.7,5,4,0
278,0,91.05,-137.2,10,3,0.193328
279,0,96.55,-134.8,10,3,0.444843
280,0,158.05,-137.2,10,3,0.860944
281,0,167.55,-138.2,10,3,0.177361
282,1,47.35,-136.8,10,1,0
283,0,60.25,-137.2,10,3,0.351582
284,0,107.95,-137.7,10,3,0.457615
285,0,192.35,-134.3,10,3,0.125342
286,0,261.35,-136.3,10,3,0.875456
287,0,385.45,-135.8,10,3,0.0606138
288,0,-388.55,-135.8,10,3,0.0460684
289,0,113.85,-136.3,10,3,0.289186
290,0,242.45,-136.3,10,3,0.646274
291,0,227.05,-133.8,10,3,0.916223
292,0,137.75,-134.3,10,3,0.907363
293,0,124.35,-134.8,10,3,0.347524
294,0,176.95,-133.3,10,3,0.972837
295,0,219.15,-134.3,10,3,0.563737
296,0,72.15,-133.3,10,3,0.82941
297,0,152.15,-133.8,10,3,0.429994
298,0,160.55,-132.8,10,3,0.605427
299,0,253.45,-133.8,10,3,0.919685
300,0,-91.15,-131.3,10,3,0.822358
301,0,165.05,-131.3,10,3,0.478254
302,0,258.85,-130.3,10,3,0.755724
303,0,276.75,-131.8,10,3,0.987452
304,0,133.75,-130.3,10,3,0.857778
305,0,146.15,-131.3,10,3,0.936927
306,2,53.85,-130.3,5,4,0
307,0,179.95,-130.3,10,3,0.621996
308,0,231.05,-131.8,10,3,0.96518
309,0,87.55,-129.8,10,3,0.0932704
310,0,66.75,-128.3,10,3,0.633246
311,0,123.85,-129.8,10,3,0.799
312,0,139.25,-128.8,10,3,0.205669
313,0,206.75,-128.8,10,3,0.115778
314,0,-96.65,-128.8,10,3,0.597229
315,0,119.85,-128.3,10,3,0.189357
316,0,153.65,-128.3,10,3,0.92679
317,0,222.15,-128.3,10,3,0.2414
318,0,-233.65,-128.3,10,3,0.241871
319,0,172.45,-126.8,10,3,0.695091
320,0,196.85,-127.8,10,3,0.854357
321,4,57.25,-127.8,5,8,0
322,0,-166.65,-126.3,10,3,0.0694236
323,0,157.05,-126.8,10,3,0.841296
324,0,-88.15,-125.8,10,3,0.0105786
325,0,248.45,-126.3,10,3,0.714773
326,0,80.65,-124.3,10,3,0.785492
327,0,164.05,-125.8,10,3,0.266891
328,0,117.35,-123.8,10,3,0.18926
329,2,45.35,-125.3,5,4,0
330,0,89.55,-123.3,10,3,0.101783
331,0,113.45,-124.3,10,3,0.306042
332,0,121.85,-121.9,10,3,0.187802
333,0,143.65,-123.8,10,3,0.968171
334,0,-181.95,-121.9,10,3,0.757835
335,0,69.25,-122.8,10,3,0.765008
336,0,212.15,-122.8,10,3,0.968423
337,2,276.25,-120.9,5,4,0
338,0,102.95,-122.4,10,3,0.650976
339,0,179.45,-123.8,10,3,0.465563
340,0,131.75,-121.9,10,3,0.774556
341,0,137.75,-120.9,10,3,0.890576
342,0,169.05,-120.9,10,3,0.344893
343,0,202.25,-121.4,10,3,0.864717
344,0,224.65,-121.9,10,3,0.770141
345,0,-113.95,-121.4,10,3,0.508573
346,0,64.75,-119.9,10,3,0.964137
347,0,158.55,-119.9,10,3,0.67823
348,0,194.35,-120.9,10,3,0.629529
349,0,238.55,-120.9,10,3,0.755332
350,2,283.15,-120.9,5,4,0
351,0,126.85,-119.4,10,3,0.799205
352,0,49.85,-119.4,10,3,0.642858
353,0,-188.95,-118.4,10,3,0.613912
354,0,132.75,-116.9,10,3,0.297839
355,0,179.45,-117.9,10,3,0.926596
356,0,74.15,-116.9,10,3,0.128857
357,0,-183.95,-117.4,10,3,0.0555632
358,0,96.05,-116.9,10,3,0.131914
359,0,213.65,-116.4,10,3,0.901904
360,0,199.25,-115.4,10,3,0.760677
361,0,429.65,-115.9,10,3,0.461452
362,0,-176.05,-115.9,10,3,0.136324
363,0,33.95,-114.9,10,3,0.496674
364,0,68.75,-116.4,10,3,0.857477
365,0,80.15,-116.4,10,3,0.888828
366,0,41.95,-115.4,10,3,0.815
367,0,203.75,-114.9,10,3,0.719862
368,0,257.35,-114.9,10,3,0.493983
369,0,174.45,-113.4,10,3,0.786405
370,0,237.55,-113.9,10,3,0.298262
371,0,437.55,-114.4,10,3,0.919972
372,0,-199.85,-113.4,10,3,0.616041
373,0,121.35,-114.4,10,3,0.347992
374,0,129.75,-111.9,10,3,0.602882
375,0,220.15,-113.4,10,3,0.369717
376,0,272.75,-111.9,10,3,0.447637
377,0,-83.25,-112.4,10,3,0.163213
378,0,108.45,-110.4,10,3,0.30191
379,0,-208.85,-110.4,10,3,0.342695
380,0,-196.35,-109.9,10,3,0.151678
381,0,282.15,-110.9,10,3,0.334788
382,0,-176.05,-110.4,10,3,0.913337
383,0,241.45,-109.9,10,3,0.682776
384,0,-441.15,-108.5,10,3,0.134169
385,0,73.65,-107.5,10,3,0.59983
386,0,122.35,-109.9,10,3,0.993353
387,0,204.25,-109.9,10,3,0.672548
388,2,-181.95,-110.4,5,4,0
389,0,87.05,-108.5,10,3,0.835756
390,0,150.65,-108.5,10,3,0.566071
391,0,58.75,-107.5,10,3,0.3498
392,0,188.35,-107.5,10,3,0.252208
393,0,432.65,-108.9,10,3,0.230335
394,2,-202.35,-108,5,5,0
395,0,258.35,-108,10,3,0.811989
396,2,-187.45,-107,5,5,0
397,0,-138.85,-106.5,10,3,0.270543
398,0,252.95,-106,10,3,0.521793
399,0,287.15,-105,10,3,0.239528
400,0,-147.25,-104.5,10,3,0.485449
401,0,-87.15,-105,10,3,0.842562
402,2,-184.45,-104.5,5,4,0
403,0,-172.05,-104,10,3,0.952909
404,0,217.65,-104.5,10,3,0.701557
405,0,233.55,-104,10,3,0.657906
406,0,86.05,-103.5,10,3,0.487125
407,0,130.25,-104,10,3,0.878407
408,0,145.65,-103.5,10,3,0.805489
409,0,69.75,-103.5,10,3,0.941581
410,0,50.85,-103,10,3,0.691196
411,0,97.05,-103,10,3,0.85513
412,0,166.05,-103.5,10,3,0.457482
413,0,208.75,-102,10,3,0.452151
414,0,-420.35,-102.5,10,3,0.487862
415,0,55.85,-101,10,3,0.622985
416,0,270.25,-102,10,3,0.263355
417,2,-207.35,-101.5,5,5,0
418,0,285.15,-101,10,3,0.0227198
419,0,90.05,-100,10,3,0.364232
420,0,184.85,-101,10,3,0.769502
421,0,258.85,-99.5,10,3,0.620365
422,2,-212.75,-100,5,4,0
423,0,187.85,-100,10,3,0.0732777
424,0,140.25,-100,10,3,0.289463
425,0,194.35,-97.5,10,3,0.466308
426,0,221.15,-98.5,10,3,0.493986
427,0,231.05,-100,10,3,0.432142
428,0,-161.65,-98,10,3,0.0489673
429,0,-119.45,-97.5,10,3,0.994583
430,0,246.95,-98,10,3,0.365409
431,1,291.15,-99.5,10,1,0
432,0,251.45,-98,10,3,0.109622
433,0,-186.95,-98.5,10,3,0.0190313
434,0,-139.35,-98,10,3,0.313633
435,0,82.15,-98,10,3,0.21287
436,0,113.45,-98.5,10,3,0.0392677
437,0,235.55,-98.5,10,3,0.41458
438,0,-126.35,-96.5,10,3,0.759451
439,0,60.25,-98.5,10,3,0.00932045
440,0,66.25,-98,10,3,0.605933
441,0,85.55,-95,10,3,0.915017
442,0,95.05,-98,10,3,0.275793
443,0,164.55,-98,10,3,0.886204
444,0,266.35,-97,10,3,0.78602
445,0,-279.85,-97.5,10,3,0.0457077
446,0,-218.75,-97.5,10,3,0.757353
447,0,227.55,-95,10,3,0.349223
448,0,-133.85,-96,10,3,0.369007
449,0,53.85,-96.5,10,3,0.699773
450,0,119.85,-97,10,3,0.0654131
451,0,47.35,-95.5,10,3,0.0817116
452,0,99.95,-96,10,3,0.260739
453,0,288.15,-94.1,10,3,0.40432
454,0,187.85,-95,10,3,0.0357629
455,0,300.05,-95,10,3,0.60537
456,0,-174.05,-94.1,10,3,0.884894
457,0,105.95,-94.6,10,3,0.771867
458,0,133.25,-94.1,10,3,0.476899
459,0,-189.45,-94.1,10,3,0.799267
460,2,-225.15,-93.6,5,5,0
461,2,-199.35,-93.6,5,4,0
462,0,-165.15,-93.1,10,3,0.760833
463,0,-131.85,-92.1,10,3,0.6288
464,0,127.35,-92.6,10,3,0.313468
465,0,170.45,-93.1,10,3,0.391066
466,0,212.65,-93.1,10,3,0.965795
467,0,223.15,-92.6,10,3,0.66105
468,0,281.75,-92.6,10,3,0.0750167
469,2,-194.45,-92.6,5,5,0
470,0,76.65,-92.6,10,3,0.170894
471,0,313.95,-92.6,10,3,0.733265
472,0,198.75,-92.1,10,3,0.162455
473,0,-218.25,-91.1,10,3,0.783256
474,0,161.55,-90.6,10,3,0.610946
475,0,244.45,-91.1,10,3,0.055059
476,0,258.35,-90.6,10,3,0.269521
477,0,-183.45,-90.6,10,3,0.334824
478,0,141.65,-90.1,10,3,0.840673
479,0,188.85,-90.1,10,3,0.572453
480,0,-95.15,-90.1,10,3,0.881147
481,0,118.85,-90.1,10,3,0.853465
482,0,84.15,-89.6,10,3,0.679377
483,0,136.25,-89.1,10,3,0.0935673
484,0,150.15,-89.1,10,3,0.305265
485,0,230.05,-89.6,10,3,0.620109
486,0,269.25,-89.6,10,3,0.0454309
487,0,285.65,-89.1,10,3,0.41399
488,0,-456.05,-89.1,10,3,0.794128
489,2,-226.15,-89.1,5,5,0
490,0,92.55,-87.1,10,3,0.925951
491,0,111.45,-89.1,10,3,0.643369
492,0,253.95,-89.1,10,3,0.617266
493,0,-85.15,-87.6,10,3,0.908793
494,0,172.45,-86.6,10,3,0.295074
495,0,178.45,-85.1,10,3,0.699155
496,0,328.35,-86.6,10,3,0.843186
497,0,-444.65,-87.1,10,3,0.607358
498,0,126.85,-86.6,10,3,0.0403405
499,0,224.65,-87.1,10,3,0.45813
500,0,73.65,-87.1,10,3,0.94417
501,0,290.15,-86.6,10,3,0.700809
502,3,-192.45,-86.1,5,N,0
503,0,211.75,-85.6,10,3,0.717111
504,0,296.15,-86.1,10,3,0.947878
505,0,204.25,-86.1,10,3,0.441968
506,2,-230.65,-85.1,5,5,0
507,0,-167.65,-84.1,10,3,0.698439
508,0,259.85,-85.1,10,3,0.463883
509,4,-186.95,-84.1,5,8,0
510,0,218.15,-84.1,10,3,0.280066
511,0,243.45,-84.6,10,3,0.834374
512,0,279.25,-82.1,10,3,0.319012
513,0,99.05,-83.6,10,3,0.993429
514,0,249.95,-83.6,10,3,0.556203
515,0,184.35,-82.6,10,3,0.554743
516,0,50.35,-83.1,10,3,0.717333
517,0,268.75,-82.1,10,3,0.230953
518,0,163.55,-83.1,10,3,0.452203
519,0,168.55,-82.1,10,3,0.462954
520,2,-236.65,-81.6,5,5,0
521,0,-218.25,-82.6,10,3,0.336677
522,0,72.65,-81.6,10,3,0.507639
523,0,111.45,-80.6,10,3,0.985487
524,2,-160.15,-80.2,5,4,0
525,0,92.55,-81.6,10,3,0.396784
526,0,194.85,-81.6,10,3,0.154529
527,0,204.75,-81.1,10,3,0.638028
528,0,212.15,-78.7,10,3,0.338218
529,3,-208.85,-80.6,5,N,0
530,0,63.75,-81.1,10,3,0.58618
531,0,293.15,-80.6,10,3,0.560961
532,4,310.05,-81.1,5,8,0
533,2,-192.45,-80.6,5,5,0
534,0,58.25,-80.2,10,3,0.120822
535,0,275.25,-81.1,10,3,0.644136
536,0,81.15,-79.2,10,3,0.680986
537,0,125.35,-80.2,10,3,0.497142
538,0,144.15,-78.7,10,3,0.370049
539,0,438.55,-80.2,10,3,0.969017
540,0,88.05,-79.7,10,3,0.244908
541,0,248.45,-79.7,10,3,0.501022
542,0,287.15,-79.7,10,3,0.197624
543,0,315.95,-79.7,10,3,0.665626
544,0,-309.55,-79.2,10,3,0.362353
545,2,-229.65,-78.7,5,5,0
546,3,106.95,-77.7,5,N,0
547,0,149.15,-77.2,10,3,0.248755
548,0,303.05,-77.7,10,3,0.669946
549,2,-240.05,-77.7,5,4,0
550,0,231.55,-77.7,10,3,0.0158753
551,0,270.75,-77.2,10,3,0.602141
552,0,-174.55,-77.2,10,3,0.881078
553,0,99.45,-77.2,10,3,0.933002
554,0,235.05,-76.2,10,3,0.842922
555,2,-235.65,-75.2,5,4,0
556,2,-214.25,-76.7,5,4,0
557,0,-183.45,-77.2,10,3,0.021555
558,0,56.85,-76.7,10,3,0.183092
559,0,74.15,-75.7,10,3,0.0205177
560,0,-120.95,-75.7,10,3,0.800006
561,0,90.05,-73.7,10,3,0.446291
562,0,265.85,-75.7,10,3,0.968866
563,2,-220.75,-75.7,5,4,0
564,0,-205.85,-75.2,10,3,0.955927
565,0,135.75,-75.7,10,3,0.0974505
566,0,282.65,-74.7,10,3,0.901119
567,0,-164.65,-73.7,10,3,0.751726
568,0,128.75,-74.2,10,3,0.168804
569,0,151.15,-74.2,10,3,0.0985575
570,0,60.25,-72.2,10,3,0.201831
571,0,295.15,-74.2,10,3,0.0249782
572,3,-228.65,-73.7,5,N,0
573,3,106.95,-73.7,5,N,0
574,0,240.45,-73.2,10,3,0.70363
575,0,306.55,-72.7,10,3,0.0247046
576,2,-239.55,-72.7,5,4,0
577,0,230.55,-72.2,10,3,0.792907
578,2,-233.65,-72.2,5,4,0
579,0,-153.25,-72.7,10,3,0.330055
580,0,53.35,-71.7,10,3,0.0186387
581,0,194.35,-72.2,10,3,0.881681
582,0,246.45,-71.7,10,3,0.191596
583,0,-198.85,-72.2,10,3,0.751335
584,0,-185.45,-71.7,10,3,0.646967
585,0,47.85,-72.7,10,3,0.300537
586,0,263.85,-71.2,10,3,0.587581
587,0,273.25,-71.7,10,3,0.380037
588,0,317.95,-72.2,10,3,0.777846
589,0,-333.95,-71.7,10,3,0.933822
590,0,-284.25,-70.7,10,3,0.182224
591,0,160.05,-71.2,10,3,0.518692
592,0,-441.15,-70.7,10,3,0.142488
593,0,36.95,-70.7,10,3,0.532442
594,0,-177.05,-72.7,10,3,0.332228
595,0,76.15,-70.7,10,3,0.994602
596,3,-206.85,-70.2,5,N,0
597,0,141.65,-69.7,10,3,0.215912
598,3,-243.05,-69.7,5,N,0
599,2,-218.75,-69.2,5,4,0
600,0,123.35,-67.7,10,3,0.571466
601,0,135.25,-70.2,10,3,0.511511
602,0,149.65,-68.7,10,3,0.685774
603,0,282.15,-69.2,10,3,0.197472
604,0,-302.15,-69.2,10,3,0.30044
605,3,-224.65,-69.2,5,N,0
606,0,-190.95,-69.7,10,3,0.919352
607,3,-202.85,-68.7,5,N,0
608,0,108.45,-68.2,10,3,0.0572929
609,0,155.65,-68.7,10,3,0.742111
610,0,163.05,-66.7,10,3,0.278329
611,0,180.45,-65.3,10,3,0.863637
612,0,230.05,-67.7,10,3,0.566038
613,0,292.15,-67.7,10,3,0.798941
614,0,30.95,-67.7,10,3,0.453347
615,0,62.25,-68.2,10,3,0.353107
616,0,220.65,-67.2,10,3,0.209749
617,0,270.25,-65.8,10,3,0.177051
618,0,311.95,-66.7,10,3,0.052213
619,0,321.45,-66.3,10,3,0.411988
620,0,54.35,-66.7,10,3,0.786115
621,3,95.55,-66.3,5,N,0
622,0,263.85,-66.7,10,3,0.731967
623,3,-211.25,-65.8,5,N,0
624,1,76.65,-65.8,10,1,0
625,0,104.45,-65.8,10,3,0.696541
626,0,148.65,-64.3,10,3,0.923616
627,1,111.45,-65.3,10,1,0
628,2,130.25,-64.8,5,4,0
629,0,-246.55,-64.3,10,3,0.643114
630,2,-240.05,-63.3,5,4,0
631,0,-215.75,-64.8,10,3,0.897236
632,0,-112.95,-59.8,10,3,0.210246
633,2,100.95,-63.8,5,5,0
634,0,209.75,-63.8,10,3,0.210576
635,4,-222.75,-63.3,5,8,0
636,0,-167.15,-62.8,10,3,0.888544
637,0,173.95,-62.8,10,3,0.896998
638,0,217.15,-62.8,10,3,0.406514
639,0,223.15,-63.3,10,3,0.118589
640,0,230.55,-61.8,10,3,0.0332144
641,0,314.95,-60.8,10,3,0.595126
642,0,295.15,-61.8,10,3,0.678762
643,0,-199.85,-62.3,10,3,0.161689
644,2,87.55,-61.8,5,4,0
645,3,96.05,-62.3,5,N,0
646,2,-232.15,-61.3,5,5,0
647,2,28.05,-61.8,5,4,0
648,0,157.05,-61.8,10,3,0.150351
649,0,188.85,-60.3,10,3,0.388782
650,0,327.35,-61.8,10,3,0.105351
651,2,-149.25,-61.3,5,4,0
652,0,240.45,-60.8,10,3,0.445298
653,0,273.75,-61.3,10,3,0.184228
654,2,-237.15,-60.3,5,5,0
655,0,-162.15,-60.3,10,3,0.661709
656,2,91.55,-60.8,5,4,0
657,2,126.85,-59.8,5,4,0
658,0,169.05,-59.8,10,3,0.222866
659,0,245.95,-60.8,10,3,0.132785
660,0,283.65,-58.8,10,3,0.0696426
661,0,114.85,-59.3,10,3,0.708579
662,0,268.75,-59.3,10,3,0.154716
663,0,339.75,-56.8,10,3,0.930309
664,0,-211.75,-59.3,10,3,0.950605
665,2,101.45,-58.3,5,4,0
666,0,228.55,-58.8,10,3,0.265679
667,0,65.25,-58.3,10,3,0.940553
668,0,436.15,-58.3,10,3,0.195959
669,2,-227.15,-58.3,5,4,0
670,0,-194.45,-58.3,10,3,0.696909
671,0,-178.05,-57.8,10,3,0.00627453
672,2,97.05,-57.8,5,4,0
673,0,132.75,-58.3,10,3,0.703562
674,0,147.65,-55.8,10,3,0.190356
675,0,175.45,-55.8,10,3,0.906042
676,0,223.15,-57.8,10,3,0.0799386
677,0,-271.35,-56.3,10,3,0.975403
678,0,141.65,-57.8,10,3,0.938019
679,0,-223.25,-56.3,10,3,0.837603
680,0,-206.35,-56.8,10,3,0.90738
681,0,27.05,-57.8,10,3,0.219746
682,0,251.95,-57.3,10,3,0.714103
683,2,-234.65,-56.8,5,4,0
684,0,74.65,-55.8,10,3,0.497588
685,0,122.85,-57.3,10,3,0.45389
686,0,273.25,-56.3,10,3,0.558943
687,0,61.75,-53.8,10,3,0.438846
688,0,92.05,-55.3,10,3,0.389075
689,0,198.25,-55.3,10,3,0.0447066
690,0,304.05,-54.8,10,3,0.689783
691,1,108.95,-55.8,10,1,0
692,0,214.15,-54.8,10,3,0.857043
693,0,311.45,-55.8,10,3,0.425884
694,0,182.45,-52.8,10,3,0.705069
695,0,-215.25,-54.8,10,3,0.750214
696,0,70.25,-53.8,10,3,0.904057
697,0,162.05,-54.8,10,3,0.258742
698,0,278.75,-54.3,10,3,0.696754
699,2,-247.05,-54.3,5,4,0
700,0,219.15,-53.3,10,3,0.164374
701,0,228.55,-53.8,10,3,0.731259
702,0,243.95,-53.8,10,3,0.0213465
703,0,-251.95,-52.4,10,3,0.113812
704,2,-185.95,-52.8,5,4,0
705,0,-148.25,-52.8,10,3,0.275581
706,0,121.35,-52.8,10,3,0.0569788
707,0,-268.35,-50.4,10,3,0.584904
708,0,-206.35,-51.9,10,3,0.625915
709,0,133.75,-50.9,10,3,0.946145
710,0,167.55,-51.4,10,3,0.274541
711,2,38.95,-51.4,5,4,0
712,0,102.95,-50.4,10,3,0.437734
713,0,266.35,-50.4,10,3,0.45527
714,0,327.85,-49.4,10,3,0.68342
715,0,237.05,-50.9,10,3,0.734461
716,0,318.95,-50.9,10,3,0.509834
717,0,-195.45,-49.9,10,3,0.311845
718,2,-161.15,-50.4,5,4,0
719,0,-99.05,-50.4,10,3,0.623767
720,0,201.25,-49.4,10,3,0.463541
721,0,257.85,-49.9,10,3,0.901272
722,3,-246.05,-49.9,5,N,0
723,2,-231.15,-50.4,5,4,0
724,0,-171.05,-47.9,10,3,0.736134
725,0,141.65,-47.9,10,3,0.0830886
726,0,218.65,-47.9,10,3,0.579359
727,0,288.65,-48.4,10,3,0.559438
728,2,-189.45,-47.9,5,4,0
729,0,-179.55,-48.4,10,3,0.0403648
730,0,115.85,-47.4,10,3,0.243245
731,0,129.25,-49.9,10,3,0.943689
732,0,270.75,-47.4,10,3,0.839359
733,0,308.55,-47.4,10,3,0.523063
734,0,-324.95,-47.9,10,3,0.413203
735,2,-152.25,-47.4,5,4,0
736,0,177.95,-47.4,10,3,0.0749479
737,0,244.95,-46.9,10,3,0.665148
738,0,301.05,-47.9,10,3,0.868299
739,0,191.35,-47.4,10,3,0.0288319
740,0,230.05,-47.4,10,3,0.878779
741,2,42.95,-46.9,5,4,0
742,0,65.25,-46.9,10,3,0.140859
743,0,261.85,-46.9,10,3,0.80393
744,0,165.05,-45.9,10,3,0.321435
745,0,241.45,-46.4,10,3,0.61538
746,0,-251.55,-41.9,10,3,0.269863
747,0,106.95,-44.4,10,3,0.926194
748,0,340.75,-45.4,10,3,0.163351
749,0,-263.95,-45.4,10,3,0.416103
750,3,-202.85,-44.9,5,N,0
751,0,84.65,-45.9,10,3,0.548729
752,2,122.35,-42.9,5,4,0
753,0,134.25,-44.9,10,3,0.234441
754,0,250.95,-44.9,10,3,0.61239
755,3,-197.85,-44.9,5,N,0
756,2,-169.05,-43.9,5,5,0
757,2,-163.65,-44.4,5,4,0
758,3,151.65,-43.4,5,N,0
759,0,198.25,-43.9,10,3,0.982847
760,0,212.15,-44.4,10,3,0.31244
761,3,-229.15,-43.9,5,N,0
762,2,-156.65,-43.9,5,4,0
763,0,235.55,-43.4,10,3,0.527951
764,0,94.05,-43.4,10,3,0.805321
765,2,-247.55,-42.9,5,4,0
766,0,-183.95,-39.4,10,3,0.260589
767,0,128.75,-42.4,10,3,0.0703196
768,0,288.15,-41.9,10,3,0.0951327
769,2,49.35,-41.9,5,4,0
770,0,179.45,-41.4,10,3,0.230025
771,0,259.35,-42.4,10,3,0.76785
772,0,263.85,-41.4,10,3,0.744115
773,0,273.75,-42.4,10,3,0.678144
774,0,302.05,-41.9,10,3,0.859133
775,2,-192.95,-41.9,5,5,0
776,2,43.85,-40.9,5,4,0
777,0,201.75,-41.4,10,3,0.9317
778,0,160.05,-41.4,10,3,0.683501
779,0,169.05,-41.9,10,3,0.638262
780,0,191.85,-40.9,10,3,0.353851
781,0,217.15,-40.9,10,3,0.723503
782,0,325.35,-40.4,10,3,0.184262
783,2,-202.35,-39.9,5,5,0
784,1,131.75,-40.9,10,1,0
785,0,330.85,-40.4,10,3,0.773985
786,2,-206.85,-39.9,5,4,0
787,2,39.45,-39.9,5,4,0
788,0,277.75,-39.9,10,3,0.381322
789,2,-214.25,-39.9,5,4,0
790,4,34.95,-37.5,5,8,0
791,0,249.45,-39.4,10,3,0.601385
792,0,305.05,-38,10,3,0.109394
793,0,-431.75,-38.9,10,3,0.868444
794,0,174.95,-39.4,10,3,0.28012
795,0,254.85,-39.9,10,3,0.758113
796,0,-148.75,-39.4,10,3,0.836589
797,3,97.05,-38.9,5,N,0
798,0,113.45,-38.4,10,3,0.718688
799,0,127.35,-38,10,3,0.0984276
800,0,291.65,-38.4,10,3,0.140877
801,0,-128.85,-37.5,10,3,0.2091
802,0,52.35,-37.5,10,3,0.914798
803,0,141.65,-38,10,3,0.775575
804,0,147.15,-38.4,10,3,0.137595
805,0,284.15,-37.5,10,3,0.0673853
806,2,-242.05,-37,5,4,0
807,0,153.15,-35.5,10,3,0.657132
808,0,-197.35,-36.5,10,3,0.213677
809,0,59.25,-36.5,10,3,0.894855
810,2,341.75,-34.5,5,4,0
811,0,-169.55,-35.5,10,3,0.914668
812,0,118.35,-36,10,3,0.42269
813,0,123.85,-36.5,10,3,0.331522
814,0,159.05,-36,10,3,0.887369
815,0,331.35,-33.5,10,3,0.91493
816,0,39.95,-35.5,10,3,0.162816
817,0,204.75,-33.5,10,3,0.28242
818,0,110.45,-32.5,10,3,0.612415
819,0,133.75,-34.5,10,3,0.73968
820,0,212.15,-34.5,10,3,0.725605
821,0,259.35,-34,10,3,0.671369
822,0,-14.65,-33,10,3,0.762341
823,2,86.55,-34,5,4,0
824,0,164.55,-34.5,10,3,0.716201
825,0,176.45,-32.5,10,3,0.57092
826,3,227.55,-35,5,N,0
827,0,104.95,-33,10,3,0.124097
828,0,185.35,-33.5,10,3,0.626884
829,0,287.65,-30,10,3,0.181691
830,0,265.85,-33.5,10,3,0.315509
831,0,275.75,-33,10,3,0.250011
832,0,313.45,-32,10,3,0.538382
833,0,-174.55,-32,10,3,0.156775
834,2,-252.45,-32.5,5,4,0
835,0,-224.65,-32,10,3,0.065108
836,0,240.45,-31,10,3,0.347934
837,0,53.35,-32,10,3,0.907563
838,0,100.45,-31,10,3,0.00365173
839,0,-363.25,-31.5,10,3,0.17602
840,0,61.75,-31,10,3,0.000267387
841,0,-235.65,-31,10,3,0.709037
842,0,252.95,-30.5,10,3,0.253113
843,0,155.15,-29,10,3,0.490081
844,0,29.95,-29,10,3,0.59398
845,0,85.15,-30,10,3,0.673692
846,0,247.95,-30.5,10,3,0.017742
847,0,-247.05,-29,10,3,0.824974
848,0,298.55,-29.5,10,3,0.134038
849,2,-172.55,-29,5,4,0
850,0,137.75,-27,10,3,0.563539
851,0,146.15,-29.5,10,3,0.629427
852,0,259.35,-26,10,3,0.293332
853,0,316.95,-29,10,3,0.614839
854,0,227.05,-27.5,10,3,0.0980769
855,0,397.35,-28.5,10,3,0.14084
856,0,-252.45,-27,10,3,0.766274
857,0,293.65,-27.5,10,3,0.250406
858,0,304.55,-27.5,10,3,0.902574
859,0,217.65,-26.5,10,3,0.224353
860,2,-201.85,-25.5,5,5,0
861,0,-182.45,-24.1,10,3,0.548437
862,2,98.05,-27.5,5,4,0
863,0,194.35,-26,10,3,0.208041
864,0,310.95,-25,10,3,0.993341
865,0,-208.35,-26,10,3,0.554997
866,0,44.35,-24.5,10,3,0.716819
867,0,110.45,-25,10,3,0.993879
868,0,326.85,-26,10,3,0.290368
869,0,-176.05,-25.5,10,3,0.928923
870,0,-88.15,-24.5,10,3,0.252269
871,0,62.25,-24.1,10,3,0.638191
872,0,271.75,-23.1,10,3,0.563265
873,0,189.35,-23.1,10,3,0.854695
874,0,223.65,-21.1,10,3,0.280649
875,0,431.65,-24.1,10,3,0.945197
876,2,102.45,-23.1,5,5,0
877,0,121.35,-23.1,10,3,0.966046
878,0,293.65,-24.1,10,3,0.718752
879,0,318.45,-24.5,10,3,0.595691
880,1,230.05,-23.6,10,1,0
881,0,240.45,-21.6,10,3,0.00298036
882,0,254.35,-23.1,10,3,0.191906
883,0,-129.85,-23.1,10,3,0.803302
884,0,156.55,-20.6,10,3,0.652372
885,0,161.05,-22.6,10,3,0.617485
886,0,283.15,-18.6,10,3,0.865193
887,0,288.65,-20.6,10,3,0.198676
888,3,305.55,-21.1,5,N,0
889,0,147.65,-22.1,10,3,0.680565
890,0,320.95,-19.6,10,3,0.791614
891,0,326.85,-21.1,10,3,0.153753
892,3,-209.75,-20.1,5,N,0
893,0,299.55,-19.1,10,3,0.690424
894,0,-233.15,-19.6,10,3,0.423157
895,0,71.65,-20.1,10,3,0.161512
896,0,62.25,-18.6,10,3,0.485672
897,3,119.35,-18.1,5,N,0
898,0,259.85,-20.1,10,3,0.531561
899,0,425.65,-20.1,10,3,0.321896
900,3,-203.85,-19.6,5,N,0
901,0,45.35,-19.1,10,3,0.672545
902,1,231.55,-18.6,10,1,0
903,2,-197.35,-18.1,5,5,0
904,0,-146.25,-18.6,10,3,0.0204254
905,0,176.95,-19.1,10,3,0.210589
906,0,208.25,-19.1,10,3,0.433949
907,0,245.45,-18.6,10,3,0.79556
908,0,249.45,-17.6,10,3,0.0474215
909,0,315.95,-18.6,10,3,0.698954
910,0,112.95,-18.1,10,3,0.510648
911,0,137.75,-17.6,10,3,0.771313
912,0,200.25,-17.1,10,3,0.190984
913,1,234.05,-18.1,10,1,0
914,2,294.15,-18.6,5,4,0
915,0,-229.65,-17.6,10,3,0.746091
916,2,96.55,-16.6,5,4,0
917,0,420.25,-17.6,10,3,0.940284
918,2,-223.25,-17.6,5,4,0
919,2,-217.25,-17.6,5,4,0
920,0,254.35,-16.1,10,3,0.813298
921,0,205.25,-14.1,10,3,0.35334
922,0,259.35,-14.1,10,3,0.570281
923,4,265.85,-16.6,5,8,0
924,0,-82.25,-15.6,10,3,0.912635
925,0,101.45,-14.6,10,3,0.169338
926,2,-242.55,-15.6,5,4,0
927,1,-187.95,-16.1,10,1,0
928,2,42.45,-15.6,5,4,0
929,0,186.35,-15.1,10,3,0.429735
930,2,-211.75,-13.6,5,4,0
931,4,-202.35,-14.6,5,8,0
932,0,263.35,-14.1,10,3,0.321367
933,0,331.35,-14.1,10,3,0.448319
934,0,89.05,-14.1,10,3,0.262294
935,0,230.55,-11.1,10,3,0.538804
936,0,314.95,-14.1,10,3,0.670009
937,0,-250.05,-13.6,10,3,0.365062
938,3,-219.25,-13.1,5,N,0
939,0,136.25,-12.1,10,3,0.635756
940,0,172.95,-14.1,10,3,0.282315
941,0,302.55,-12.1,10,3,0.31278
942,2,-223.75,-12.1,5,4,0
943,2,-207.85,-12.1,5,4,0
944,0,105.95,-12.6,10,3,0.439434
945,2,290.15,-11.6,5,4,0
946,0,-179.55,-9.7,10,3,0.908242
947,0,-64.35,-10.6,10,3,0.23983
948,0,309.05,-9.7,10,3,0.783939
949,0,-191.45,-11.1,10,3,0.839017
950,0,29.45,-10.6,10,3,0.551838
951,0,86.05,-10.6,10,3,0.257419
952,0,198.75,-10.2,10,3,0.402314
953,0,109.45,-9.2,10,3,0.890386
954,3,121.35,-10.6,5,N,0
955,0,160.05,-10.6,10,3,0.757226
956,0,281.75,-10.6,10,3,0.127944
957,0,-216.25,-10.2,10,3,0.195256
958,0,203.75,-9.7,10,3,0.517946
959,0,247.95,-10.2,10,3,0.718218
960,2,41.45,-9.7,5,4,0
961,0,-251.55,-8.2,10,3,0.0987731
962,0,209.25,-8.7,10,3,0.0540793
963,0,-246.55,-8.7,10,3,0.217406
964,0,90.55,-7.7,10,3,0.629729
965,2,265.35,-5.7,5,4,0
966,0,-230.15,-7.2,10,3,0.808628
967,0,-190.45,-6.2,10,3,0.479035
968,0,270.75,-6.7,10,3,0.614517
969,0,-184.45,-5.2,10,3,0.704093
970,2,258.35,-6.2,5,4,0
971,0,325.85,-4.7,10,3,0.240104
972,2,-199.85,-5.7,5,4,0
973,0,-79.25,-5.7,10,3,0.422934
974,0,226.55,-6.2,10,3,0.794933
975,0,214.65,-4.2,10,3,0.146135
976,0,145.15,-4.2,10,3,0.0380665
977,0,218.65,-1.7,10,3,0.651087
978,0,233.05,-4.7,10,3,0.53781
979,0,339.75,-4.2,10,3,0.0948187
980,2,277.25,-3.2,5,4,0
981,0,312.95,-2.2,10,3,0.147549
982,0,-240.05,-2.7,10,3,0.0639731
983,0,54.35,-2.7,10,3,0.930804
984,0,119.35,-2.7,10,3,0.178908
985,0,321.95,-1.7,10,3,0.292727
986,0,330.85,-1.7,10,3,0.772503
987,0,310.05,-0.7,10,3,0.0785813
988,0,-255.45,-2.2,10,3,0.231257
989,0,41.45,-2.2,10,3,0.53054
990,0,87.05,-1.2,10,3,0.294878
991,0,256.35,1.3,10,3,0.521249
992,0,62.25,-0.7,10,3,0.70772
993,0,99.05,-1.2,10,3,0.482099
994,0,169.55,-0.7,10,3,0.689119
995,0,-82.75,0.3,10,3,0.330405
996,0,299.05,0.3,10,3,0.577801
997,0,185.35,0.3,10,3,0.729439
998,0,283.15,0.3,10,3,0.399761
999,0,192.85,2.3,10,3,0.336171
1000,0,-69.75,1.3,10,3,0.901765
1001,2,127.35,2.8,5,4,0
1002,0,157.55,0.3,10,3,0.299143
1003,0,342.25,0.8,10,3,0.574358
1004,2,51.35,1.8,5,4,0
1005,0,174.45,1.8,10,3,0.726686
1006,0,326.85,1.8,10,3,0.461098
1007,0,111.95,1.8,10,3,0.903407
1008,0,204.75,3.3,10,3,0.808855
1009,0,248.45,3.8,10,3,0.301697
1010,0,118.85,2.8,10,3,0.939904
1011,0,134.25,3.8,10,3,0.520736
1012,0,180.45,3.3,10,3,0.700107
1013,0,266.85,2.8,10,3,0.451677
1014,0,317.45,3.8,10,3,0.72504
1015,2,354.65,3.3,5,5,0
1016,0,272.75,4.7,10,3,0.946535
1017,0,-374.15,6.2,10,3,0.862268
1018,0,166.55,4.2,10,3,0.997706
1019,0,214.65,4.7,10,3,0.524546
1020,2,42.95,4.7,5,5,0
1021,2,56.85,5.7,5,4,0
1022,0,333.85,4.7,10,3,0.629908
1023,0,186.85,5.2,10,3,0.367071
1024,0,323.95,5.2,10,3,0.13451
1025,0,402.35,5.7,10,3,0.929825
1026,0,34.45,6.2,10,3,0.431374
1027,4,68.25,6.2,5,8,0
1028,0,95.05,8.7,10,3,0.458506
1029,0,285.15,5.7,10,3,0.450291
1030,0,412.25,6.7,10,3,0.514103
1031,0,223.15,7.7,10,3,0.967578
1032,0,-1.25,6.2,10,3,0.498719
1033,0,140.25,7.7,10,3,0.834859
1034,0,112.95,7.2,10,3,0.51363
1035,0,121.85,7.2,10,3,0.36317
1036,0,179.45,8.2,10,3,0.704074
1037,0,337.85,7.7,10,3,0.0228491
1038,0,127.75,9.2,10,3,0.695375
1039,0,145.65,8.2,10,3,0.920779
1040,0,190.85,9.2,10,3,0.541195
1041,0,264.85,7.7,10,3,0.323143
1042,0,244.95,11.2,10,3,0.321032
1043,0,306.05,9.2,10,3,0.647719
1044,0,106.45,9.7,10,3,0.607018
1045,0,171.95,10.2,10,3,0.142862
1046,0,207.75,9.7,10,3,0.633925
1047,2,253.95,8.7,5,4,0
1048,2,51.35,10.7,5,4,0
1049,0,85.15,8.7,10,3,0.403144
1050,0,91.55,10.7,10,3,0.195864
1051,0,165.05,10.2,10,3,0.41417
1052,0,184.35,12.2,10,3,0.984389
1053,3,43.35,10.2,5,N,0
1054,0,36.95,11.7,10,3,0.277849
1055,4,66.25,10.7,5,8,0
1056,0,321.95,10.7,10,3,0.313257
1057,0,345.75,12.2,10,3,0.900756
1058,0,55.35,12.7,10,3,0.578488
1059,3,81.15,11.2,5,N,0
1060,0,58.75,12.2,10,3,0.750197
1061,0,284.15,13.2,10,3,0.853118
1062,0,-45.45,12.7,10,3,0.940403
1063,0,120.85,14.7,10,3,0.306925
1064,0,310.05,11.7,10,3,0.630418
1065,0,115.85,14.2,10,3,0.782626
1066,0,162.55,12.7,10,3,0.506272
1067,0,125.35,14.7,10,3,0.665828
1068,0,279.25,14.2,10,3,0.350344
1069,2,303.05,14.2,5,4,0
1070,0,111.45,14.7,10,3,0.784147
1071,0,147.15,14.2,10,3,0.787591
1072,0,222.65,14.2,10,3,0.835635
1073,2,273.25,14.7,5,4,0
1074,0,138.75,15.7,10,3,0.74285
1075,0,252.95,15.7,10,3,0.361604
1076,0,261.85,18.1,10,3,0.659917
1077,0,320.95,15.7,10,3,0.233173
1078,0,291.65,15.2,10,3,0.751062
1079,0,340.75,15.2,10,3,0.0929488
1080,0,-329.45,18.6,10,3,0.757283
1081,3,61.75,17.2,5,N,0
1082,0,183.85,17.7,10,3,0.262281
1083,0,-205.85,18.1,10,3,0.411573
1084,0,56.85,18.6,10,3,0.836426
1085,2,226.55,18.6,5,4,0
1086,0,298.05,19.1,10,3,0.967931
1087,0,310.95,18.1,10,3,0.173986
1088,0,51.35,18.6,10,3,0.357179
1089,0,198.25,18.6,10,3,0.663264
1090,2,247.45,19.6,5,4,0
1091,1,-192.45,18.6,10,1,0
1092,0,80.15,19.6,10,3,0.768861
1093,0,161.05,19.6,10,3,0.154197
1094,0,321.95,20.1,10,3,0.161374
1095,0,-100.05,20.6,10,3,0.597402
1096,0,181.95,20.6,10,3,0.805695
1097,0,150.15,21.6,10,3,0.916782
1098,0,292.65,21.6,10,3,0.680604
1099,0,396.85,21.6,10,3,0.267277
1100,2,126.35,21.1,5,4,0
1101,3,245.45,21.1,5,N,0
1102,0,171.45,22.1,10,3,0.776471
1103,0,276.25,22.1,10,3,0.354406
1104,0,282.65,22.6,10,3,0.329626
1105,0,288.15,21.6,10,3,0.15212
1106,1,52.85,23.1,10,1,0
1107,0,67.25,23.1,10,3,0.067136
1108,0,185.85,24.1,10,3,0.318196
1109,0,299.55,26.1,10,3,0.599799
1110,0,-104.05,25.1,10,3,0.590589
1111,0,-45.95,23.6,10,3,0.831209
1112,0,40.45,23.6,10,3,0.125316
1113,3,118.85,23.6,5,N,0
1114,0,178.45,25.1,10,3,0.913358
1115,0,208.75,24.6,10,3,0.224551
1116,0,310.05,24.1,10,3,0.963668
1117,0,94.05,27.1,10,3,0.269137
1118,0,129.75,25.1,10,3,0.530194
1119,0,-69.25,26.1,10,3,0.899832
1120,0,338.35,26.6,10,3,0.804175
1121,2,-213.75,26.1,5,4,0
1122,0,-75.25,26.6,10,3,0.721455
1123,0,111.45,26.1,10,3,0.428256
1124,0,322.95,26.1,10,3,0.261082
1125,0,344.25,26.1,10,3,0.905183
1126,0,79.15,28.6,10,3,0.693423
1127,0,247.95,27.6,10,3,0.663007
1128,0,284.65,26.6,10,3,0.994913
1129,0,292.15,27.1,10,3,0.757662
1130,0,135.75,27.6,10,3,0.830613
1131,0,146.15,27.1,10,3,0.0354554
1132,0,215.65,29.1,10,3,0.518949
1133,0,3.15,27.6,10,3,0.167867
1134,0,44.35,28.1,10,3,0.640341
1135,0,50.35,27.6,10,3,0.958226
1136,0,164.05,28.1,10,3,0.460815
1137,0,169.95,27.6,10,3,0.281189
1138,0,229.05,29.1,10,3,0.990144
1139,2,116.35,28.1,5,4,0
1140,0,-62.35,29.6,10,3,0.724106
1141,0,156.55,30.1,10,3,0.34659
1142,0,307.55,29.1,10,3,0.332277
1143,0,-100.55,30.1,10,3,0.0758784
1144,0,70.25,31.1,10,3,0.731597
1145,3,122.35,29.6,5,N,0
1146,0,270.25,30.1,10,3,0.289659
1147,0,319.95,31.1,10,3,0.102389
1148,0,-322.95,30.1,10,3,0.019908
1149,3,249.95,30.6,5,N,0
1150,0,282.65,30.1,10,3,0.302668
1151,0,150.15,32,10,3,0.574607
1152,2,170.45,33.5,5,4,0
1153,0,212.65,32,10,3,0.0879648
1154,0,-27.05,31.6,10,3,0.526429
1155,0,89.55,33.5,10,3,0.577322
1156,0,110.95,33,10,3,0.304509
1157,0,-229.65,33,10,3,0.456769
1158,0,-88.15,32.5,10,3,0.122938
1159,3,118.85,33,5,N,0
1160,2,315.95,32.5,5,5,0
1161,3,43.85,33.5,5,N,0
1162,0,143.65,35.5,10,3,0.598018
1163,2,237.05,34.5,5,4,0
1164,3,137.25,33.5,5,N,0
1165,0,331.85,32.5,10,3,0.775796
1166,3,123.85,34,5,N,0
1167,0,297.55,34,10,3,0.911934
1168,0,65.25,34,10,3,0.0476244
1169,0,81.15,37,10,3,0.417197
1170,0,103.45,34,10,3,0.124163
1171,3,252.95,35,5,N,0
1172,5,327.35,35,5,10,0.264
1173,0,351.75,35.5,10,3,0.285925
1174,2,313.45,36.5,5,4,0
1175,0,-76.25,38,10,3,0.456665
1176,0,46.35,38,10,3,0.315029
1177,0,210.25,37,10,3,0.53293
1178,0,285.65,37,10,3,0.66739
1179,2,129.25,38,5,4,0
1180,2,323.45,39.5,5,4,0
1181,0,160.55,38.5,10,3,0.583242
1182,0,169.95,39,10,3,0.712004
1183,0,338.75,38.5,10,3,0.661196
1184,0,-236.15,39,10,3,0.270895
1185,2,-220.25,38.5,5,4,0
1186,0,138.25,39,10,3,0.150089
1187,0,113.85,39,10,3,0.656311
1188,0,246.95,39,10,3,0.949937
1189,0,253.95,40,10,3,0.146248
1190,1,303.55,39,10,1,0
1191,2,317.95,39.5,5,4,0
1192,0,-239.05,41.5,10,3,0.517138
1193,0,264.35,41,10,3,0.897374
1194,2,107.95,41,5,4,0
1195,0,57.75,44,10,3,0.0947012
1196,3,133.25,41,5,N,0
1197,0,145.65,42,10,3,0.266531
1198,0,345.75,41.5,10,3,0.834942
1199,0,-77.75,41.5,10,3,0.597756
1200,0,-41.05,42.5,10,3,0.969187
1201,4,50.35,43,5,8,0
1202,0,-376.15,42.5,10,3,0.468305
1203,0,66.25,43,10,3,0.769211
1204,0,226.05,42.5,10,3,0.0246766
1205,0,256.85,42.5,10,3,0.268526
1206,0,42.95,43,10,3,0.601267
1207,0,277.25,42.5,10,3,0.827712
1208,2,311.45,43,5,4,0
1209,0,361.65,43.5,10,3,0.755568
1210,0,113.85,44,10,3,0.692488
1211,3,140.25,44,5,N,0
1212,2,304.55,44,5,5,0
1213,0,457.95,43.5,10,3,0.305333
1214,3,127.35,45.5,5,N,0
1215,0,327.85,45.5,10,3,0.408199
1216,2,173.45,46.4,5,4,0
1217,3,265.35,45.5,5,N,0
1218,0,297.55,46.4,10,3,0.619172
1219,0,322.45,46.9,10,3,0.859942
1220,3,135.75,46,5,N,0
1221,2,66.25,49.9,5,4,0
1222,0,217.65,47.9,10,3,0.11127
1223,0,246.45,47.9,10,3,0.283131
1224,3,259.35,47.4,5,N,0
1225,3,118.85,47.4,5,N,0
1226,0,152.15,49.4,10,3,0.155397
1227,0,168.55,47.4,10,3,0.539103
1228,3,180.45,47.4,5,N,0
1229,0,223.65,47.9,10,3,0.860893
1230,0,230.55,49.4,10,3,0.634567
1231,0,92.55,47.9,10,3,0.463553
1232,0,207.75,47.4,10,3,0.997784
1233,2,294.15,48.9,5,4,0
1234,0,53.35,48.9,10,3,0.557731
1235,0,86.55,48.4,10,3,0.284796
1236,0,111.95,49.4,10,3,0.268679
1237,3,130.75,48.9,5,N,0
1238,0,238.55,48.9,10,3,0.436699
1239,3,282.65,48.9,5,N,0
1240,3,122.85,49.9,5,N,0
1241,0,211.75,53.9,10,3,0.470085
1242,0,275.75,49.4,10,3,0.516354
1243,0,301.05,50.4,10,3,0.748094
1244,3,310.45,49.9,5,N,0
1245,5,315.95,50.9,5,10,0.264
1246,0,105.95,53.4,10,3,0.568521
1247,3,140.25,50.4,5,N,0
1248,0,175.95,50.9,10,3,0.242167
1249,3,134.75,50.9,5,N,0
1250,0,185.85,50.9,10,3,0.454431
1251,2,334.85,50.9,5,4,0
1252,0,361.65,51.9,10,3,0.691623
1253,0,86.55,53.4,10,3,0.402038
1254,3,115.85,51.9,5,N,0
1255,0,251.95,50.4,10,3,0.33662
1256,0,-209.35,51.9,10,3,0.325851
1257,0,-28.55,52.9,10,3,0.685125
1258,0,164.05,52.4,10,3,0.165657
1259,0,169.55,52.9,10,3,0.762736
1260,0,225.65,52.9,10,3,0.462677
1261,2,264.85,52.9,5,4,0
1262,0,93.55,54.9,10,3,0.725761
1263,3,127.35,54.4,5,N,0
1264,0,277.75,54.9,10,3,0.740443
1265,2,290.15,54.4,5,4,0
1266,0,-315.05,53.9,10,3,0.347087
1267,0,365.15,53.4,10,3,0.425782
1268,3,118.85,55.4,5,N,0
1269,3,121.85,55.9,5,N,0
1270,0,151.15,56.4,10,3,0.878758
1271,2,237.05,54.4,5,4,0
1272,2,284.65,54.4,5,4,0
1273,2,72.65,54.9,5,4,0
1274,2,180.95,56.4,5,4,0
1275,0,241.95,55.9,10,3,0.290514
1276,0,-93.65,55.9,10,3,0.248367
1277,0,141.65,55.9,10,3,0.541093
1278,0,165.05,56.4,10,3,0.117779
1279,0,245.95,56.9,10,3,0.776996
1280,0,293.65,56.4,10,3,0.820732
1281,0,-462.05,55.9,10,3,0.887917
1282,0,79.65,56.4,10,3,0.5665
1283,0,133.25,57.4,10,3,0.723768
1284,2,231.55,56.9,5,4,0
1285,0,45.35,57.9,10,3,0.0708061
1286,0,197.75,56.9,10,3,0.625176
1287,2,312.45,56.9,5,4,0
1288,0,316.45,60.3,10,3,0.552197
1289,2,185.35,57.4,5,5,0
1290,0,192.35,57.4,10,3,0.439858
1291,0,84.65,57.4,10,3,0.25139
1292,2,338.35,57.4,5,4,0
1293,0,-161.15,58.4,10,3,0.191154
1294,0,53.85,58.4,10,3,0.746859
1295,0,163.55,61.3,10,3,0.992168
1296,0,260.85,56.9,10,3,0.829297
1297,0,366.15,58.4,10,3,0.574357
1298,0,-306.65,58.9,10,3,0.844659
1299,0,49.85,58.4,10,3,0.0222722
1300,2,66.75,61.3,5,5,0
1301,0,90.05,60.3,10,3,0.536225
1302,3,226.05,58.9,5,N,0
1303,0,351.25,59.4,10,3,0.377512
1304,3,361.15,58.9,5,N,0
1305,0,-455.05,59.9,10,3,0.558766
1306,0,24.55,63.8,10,3,0.596853
1307,2,141.65,60.3,5,4,0
1308,2,270.75,59.9,5,4,0
1309,0,282.15,59.4,10,3,0.239428
1310,2,234.55,60.8,5,4,0
1311,2,132.75,61.8,5,4,0
1312,3,148.15,61.8,5,N,0
1313,0,221.65,61.3,10,3,0.00795768
1314,0,-92.65,62.3,10,3,0.891137
1315,4,82.65,61.8,5,8,0
1316,0,124.85,62.3,10,3,0.667068
1317,2,158.55,60.8,5,4,0
1318,0,248.45,62.8,10,3,0.822278
1319,0,111.45,62.8,10,3,0.767302
1320,3,297.55,62.3,5,N,0
1321,0,-146.25,62.3,10,3,0.179894
1322,2,50.35,62.3,5,4,0
1323,0,152.65,63.3,10,3,0.50559
1324,2,195.35,62.3,5,5,0
1325,0,201.25,62.3,10,3,0.856693
1326,0,261.35,62.8,10,3,0.267514
1327,0,320.45,61.8,10,3,0.866396
1328,2,73.65,63.3,5,4,0
1329,0,242.45,63.8,10,3,0.969207
1330,3,309.05,62.8,5,N,0
1331,0,174.95,63.8,10,3,0.878753
1332,0,-85.15,64.3,10,3,0.235267
1333,0,369.05,63.3,10,3,0.957188
1334,3,158.55,65.8,5,N,0
1335,2,362.15,65.3,5,4,0
1336,3,212.65,63.8,5,N,0
1337,0,282.65,64.3,10,3,0.745168
1338,0,-314.55,66.8,10,3,0.768291
1339,0,272.25,65.3,10,3,0.711888
1340,0,-155.65,66.3,10,3,0.509414
1341,2,53.85,66.3,5,4,0
1342,0,355.15,66.8,10,3,0.983574
1343,3,204.75,66.3,5,N,0
1344,0,-447.65,66.8,10,3,0.493485
1345,0,-308.15,66.8,10,3,0.225669
1346,0,-57.85,66.8,10,3,0.508428
1347,0,61.75,66.8,10,3,0.565934
1348,0,257.85,68.8,10,3,0.435414
1349,0,265.85,66.8,10,3,0.443307
1350,0,333.85,66.8,10,3,0.800814
1351,0,90.55,67.8,10,3,0.480573
1352,3,250.95,70.3,5,N,0
1353,2,359.15,67.8,5,4,0
1354,0,185.35,67.3,10,3,0.786407
1355,0,239.95,67.8,10,3,0.185867
1356,0,307.55,68.8,10,3,0.00645786
1357,0,312.95,67.8,10,3,0.145889
1358,2,73.15,68.3,5,5,0
1359,0,222.15,69.8,10,3,0.994731
1360,0,57.25,70.3,10,3,0.532186
1361,0,86.05,69.8,10,3,0.728428
1362,0,200.25,68.3,10,3,0.346037
1363,0,212.65,69.3,10,3,0.516883
1364,0,340.75,68.8,10,3,0.126405
1365,0,179.95,69.3,10,3,0.837632
1366,2,230.05,68.3,5,4,0
1367,0,-76.25,69.8,10,3,0.188764
1368,0,130.25,72.3,10,3,0.793956
1369,0,153.65,69.8,10,3,0.652455
1370,0,-296.15,70.3,10,3,0.338216
1371,0,159.55,71.3,10,3,0.587697
1372,0,302.55,70.3,10,3,0.335644
1373,0,-149.25,71.3,10,3,0.472838
1374,0,118.35,75.2,10,3,0.993088
1375,3,238.55,72.3,5,N,0
1376,3,360.65,71.3,5,N,0
1377,0,-439.65,72.3,10,3,0.526621
1378,0,225.15,72.3,10,3,0.0671588
1379,2,83.15,72.8,5,4,0
1380,0,174.95,72.8,10,3,0.893326
1381,3,244.45,72.3,5,N,0
1382,0,-305.65,72.8,10,3,0.224285
1383,0,170.95,75.7,10,3,0.308231
1384,0,189.35,73.8,10,3,0.200273
1385,0,123.85,73.8,10,3,0.01303
1386,0,268.75,73.8,10,3,0.485738
1387,0,311.95,73.8,10,3,0.149959
1388,2,332.35,72.8,5,4,0
1389,0,-265.45,74.2,10,3,0.236145
1390,0,233.55,74.2,10,3,0.31911
1391,0,209.75,74.7,10,3,0.0541552
1392,0,456.95,74.2,10,3,0.698072
1393,0,-83.65,75.7,10,3,0.253894
1394,2,70.25,75.2,5,5,0
1395,5,322.95,75.2,5,10,0.264
1396,0,-75.25,76.2,10,3,0.737931
1397,4,64.25,75.7,5,8,0
1398,0,108.45,76.7,10,3,0.416266
1399,0,160.55,75.7,10,3,0.178083
1400,0,182.95,75.2,10,3,0.825536
1401,0,-298.15,76.7,10,3,0.122785
1402,0,239.55,77.7,10,3,0.852527
1403,2,-217.25,77.2,5,4,0
1404,0,100.95,77.2,10,3,0.0063406
1405,2,255.35,79.2,5,4,0
1406,0,86.05,77.7,10,3,0.15272
1407,0,293.65,77.7,10,3,0.616782
1408,0,150.15,77.7,10,3,0.999684
1409,0,331.85,77.7,10,3,0.96804
1410,3,154.65,78.7,5,N,0
1411,0,306.55,78.7,10,3,0.885859
1412,0,345.75,78.2,10,3,0.799539
1413,0,131.75,79.2,10,3,0.0876507
1414,3,262.85,79.2,5,N,0
1415,0,315.95,78.7,10,3,0.740188
1416,3,75.65,79.7,5,N,0
1417,3,243.45,80.2,5,N,0
1418,0,214.65,81.7,10,3,0.898133
1419,3,206.25,81.2,5,N,0
1420,2,81.65,81.7,5,4,0
1421,2,266.85,82.2,5,4,0
1422,2,359.15,81.7,5,5,0
1423,3,162.05,83.7,5,N,0
1424,2,227.55,82.2,5,4,0
1425,0,109.95,82.7,10,3,0.87734
1426,0,196.85,82.7,10,3,0.835572
1427,0,368.05,82.7,10,3,0.192337
1428,3,221.65,83.2,5,N,0
1429,3,347.25,84.2,5,N,0
1430,0,-173.55,85.2,10,3,0.555271
1431,0,270.75,84.7,10,3,0.234298
1432,0,289.15,84.7,10,3,0.356453
1433,0,318.95,84.7,10,3,0.746457
1434,0,142.15,84.2,10,3,0.657955
1435,2,244.45,85.2,5,4,0
1436,0,-14.65,86.2,10,3,0.122243
1437,0,59.75,87.7,10,3,0.96593
1438,2,75.65,85.7,5,5,0
1439,0,190.85,85.7,10,3,0.0231313
1440,0,259.35,85.7,10,3,0.164894
1441,0,311.45,85.7,10,3,0.13225
1442,2,154.65,86.2,5,4,0
1443,0,342.25,86.2,10,3,0.0611497
1444,0,-269.85,86.7,10,3,0.804497
1445,0,102.95,87.2,10,3,0.710928
1446,3,206.25,86.2,5,N,0
1447,2,212.15,88.6,5,4,0
1448,0,119.85,87.2,10,3,0.353233
1449,0,107.45,88.1,10,3,0.606141
1450,2,226.05,89.6,5,4,0
1451,2,263.35,88.1,5,4,0
1452,0,324.35,88.6,10,3,0.845851
1453,0,364.65,87.2,10,3,0.555036
1454,0,255.35,89.1,10,3,0.280944
1455,0,273.25,88.6,10,3,0.421615
1456,0,-64.35,88.6,10,3,0.468831
1457,2,201.25,89.1,5,4,0
1458,0,282.15,89.1,10,3,0.463478
1459,0,92.55,89.6,10,3,0.684604
1460,0,182.45,89.1,10,3,0.277789
1461,0,-428.25,90.6,10,3,0.0740179
1462,4,74.15,91.1,5,8,0
1463,0,85.15,90.1,10,3,0.971065
1464,2,68.75,91.1,5,4,0
1465,2,143.15,93.6,5,4,0
1466,3,161.55,89.6,5,N,0
1467,3,203.75,92.6,5,N,0
1468,0,314.95,91.1,10,3,0.744614
1469,0,360.65,91.1,10,3,0.428695
1470,0,112.45,91.6,10,3,0.273841
1471,2,218.65,92.6,5,4,0
1472,0,239.05,91.6,10,3,0.823717
1473,0,259.35,91.6,10,3,0.99357
1474,3,155.65,93.6,5,N,0
1475,0,-181.95,92.6,10,3,0.357536
1476,0,248.95,93.1,10,3,0.614036
1477,0,127.75,94.1,10,3,0.168933
1478,2,366.55,94.1,5,4,0
1479,0,275.25,93.6,10,3,0.127124
1480,0,176.95,95.1,10,3,0.947345
1481,0,284.15,94.1,10,3,0.51377
1482,2,290.15,96.1,5,4,0
1483,2,108.95,95.6,5,4,0
1484,0,166.05,97.1,10,3,0.937562
1485,0,168.55,95.6,10,3,0.676098
1486,0,180.95,96.1,10,3,0.122128
1487,0,187.85,96.1,10,3,0.489736
1488,2,347.75,95.1,5,5,0
1489,0,-354.75,96.1,10,3,0.896863
1490,0,100.95,96.1,10,3,0.234137
1491,3,223.15,96.6,5,N,0
1492,0,265.85,95.1,10,3,0.500577
1493,2,149.65,96.1,5,4,0
1494,0,203.75,96.6,10,3,0.639281
1495,0,281.25,97.1,10,3,0.324326
1496,0,272.25,96.6,10,3,0.975964
1497,0,-194.95,97.6,10,3,0.322499
1498,0,53.85,97.1,10,3,0.280286
1499,3,139.25,97.1,5,N,0
1500,0,237.55,97.1,10,3,0.164149
1501,0,159.55,97.1,10,3,0.759169
1502,0,240.95,98.6,10,3,0.203585
1503,0,74.15,100.1,10,3,0.0377371
1504,5,388.45,98.6,5,10,0.264
1505,0,145.65,98.6,10,3,0.487408
1506,2,86.05,98.6,5,4,0
1507,0,173.95,98.1,10,3,0.475664
1508,2,247.45,99.1,5,4,0
1509,0,257.35,101.1,10,3,0.684926
1510,0,275.75,99.1,10,3,0.122332
1511,3,111.45,101.6,5,N,0
1512,2,153.65,101.6,5,4,0
1513,0,190.35,99.1,10,3,0.870133
1514,0,206.25,100.6,10,3,0.943708
1515,0,183.45,101.6,10,3,0.707258
1516,0,-218.25,101.6,10,3,0.372028
1517,2,90.05,102.5,5,4,0
1518,3,98.55,102.1,5,N,0
1519,0,234.55,103,10,3,0.430008
1520,0,272.25,103.5,10,3,0.924498
1521,2,356.15,103,5,5,0
1522,0,42.95,103,10,3,0.0643768
1523,0,157.55,104,10,3,0.159171
1524,0,227.55,106.5,10,3,0.830579
1525,0,309.55,104,10,3,0.7592
1526,0,314.45,104,10,3,0.364162
1527,0,134.25,104.5,10,3,0.227959
1528,3,145.65,105.5,5,N,0
1529,0,-330.45,105,10,3,0.899102
1530,4,94.55,105,5,8,0
1531,2,138.25,105,5,4,0
1532,0,241.45,105.5,10,3,0.756971
1533,0,279.25,105,10,3,0.524351
1534,1,191.35,106.5,10,1,0
1535,0,11.65,106.5,10,3,0.239978
1536,0,197.75,106,10,3,0.936774
1537,4,84.65,107,5,8,0
1538,0,211.75,107.5,10,3,0.401635
1539,0,318.95,109.5,10,3,0.826772
1540,3,203.25,105.5,5,N,0
1541,0,369.55,108.5,10,3,0.647048
1542,0,217.65,107.5,10,3,0.34503
1543,0,284.65,107.5,10,3,0.434775
1544,2,108.95,109,5,4,0
1545,0,153.15,108.5,10,3,0.94342
1546,2,173.45,109,5,4,0
1547,0,234.55,110.5,10,3,0.251327
1548,0,277.25,113,10,3,0.932459
1549,2,99.05,109.5,5,4,0
1550,0,270.75,109,10,3,0.0283771
1551,3,116.35,110.5,5,N,0
1552,1,56.35,111,10,1,0
1553,0,207.75,111.5,10,3,0.869631
1554,0,121.35,112,10,3,0.797225
1555,0,-55.35,113,10,3,0.963516
1556,1,282.65,112,10,1,0
1557,0,137.75,112,10,3,0.860614
1558,3,165.05,112,5,N,0
1559,0,261.85,113,10,3,0.0141725
1560,0,306.05,112.5,10,3,0.659494
1561,0,154.65,113,10,3,0.881653
1562,0,205.75,114,10,3,0.555741
1563,0,13.15,113.5,10,3,0.715671
1564,3,147.15,114,5,N,0
1565,0,152.15,113.5,10,3,0.387733
1566,0,130.75,114,10,3,0.277272
1567,2,174.45,113.5,5,4,0
1568,2,79.15,115,5,5,0
1569,0,160.05,114,10,3,0.688062
1570,0,249.45,114.5,10,3,0.659131
1571,2,142.65,114.5,5,5,0
1572,0,-355.25,115.5,10,3,0.216874
1573,0,328.85,115.5,10,3,0.707705
1574,0,196.35,116,10,3,0.046219
1575,0,173.45,116.9,10,3,0.812367
1576,0,236.05,116.9,10,3,0.200339
1577,0,289.15,117.9,10,3,0.759302
1578,0,333.35,116.9,10,3,0.455386
1579,2,117.85,117.9,5,4,0
1580,0,153.15,117.9,10,3,0.0460303
1581,3,157.05,117.4,5,N,0
1582,0,250.95,118.9,10,3,0.973407
1583,0,272.25,117.9,10,3,0.987931
1584,0,358.15,117.9,10,3,0.981717
1585,0,243.45,117.9,10,3,0.334094
1586,0,362.15,117.9,10,3,0.484536
1587,0,-412.85,118.4,10,3,0.952152
1588,0,-224.15,117.9,10,3,0.849925
1589,0,123.35,118.9,10,3,0.81514
1590,0,128.25,118.4,10,3,0.480047
1591,3,136.25,119.4,5,N,0
1592,3,101.45,117.9,5,N,0
1593,3,142.65,118.9,5,N,0
1594,0,339.75,120.9,10,3,0.381363
1595,2,161.55,119.4,5,5,0
1596,4,279.25,121.9,5,8,0
1597,0,205.75,121.4,10,3,0.227864
1598,0,-64.85,120.9,10,3,0.725406
1599,0,167.55,120.4,10,3,0.240333
1600,0,326.85,121.9,10,3,0.173365
1601,3,366.55,119.9,5,N,0
1602,0,332.35,120.9,10,3,0.660494
1603,2,79.65,121.4,5,4,0
1604,2,286.15,121.9,5,4,0
1605,3,320.95,121.4,5,N,0
1606,0,-446.15,121.4,10,3,0.0765845
1607,0,118.85,125.4,10,3,0.085762
1608,0,125.85,124.4,10,3,0.0650572
1609,2,171.45,122.4,5,4,0
1610,2,255.85,122.4,5,4,0
1611,3,314.95,122.4,5,N,0
1612,2,194.85,123.4,5,5,0
1613,0,269.25,122.4,10,3,0.673705
1614,0,152.65,122.9,10,3,0.526736
1615,3,143.65,123.9,5,N,0
1616,2,174.95,124.9,5,4,0
1617,2,262.85,123.4,5,4,0
1618,0,274.25,124.9,10,3,0.331348
1619,2,93.55,124.4,5,5,0
1620,2,99.95,124.4,5,5,0
1621,3,161.55,124.4,5,N,0
1622,0,224.65,123.9,10,3,0.675714
1623,2,295.15,124.4,5,4,0
1624,0,309.05,126.9,10,3,0.864532
1625,2,111.45,124.9,5,4,0
1626,3,168.05,125.4,5,N,0
1627,0,-357.25,125.4,10,3,0.0472536
1628,0,57.25,124.9,10,3,0.311738
1629,0,210.75,125.4,10,3,0.865042
1630,0,-206.35,126.4,10,3,0.422007
1631,0,230.55,127.4,10,3,0.581799
1632,3,191.35,129.4,5,N,0
1633,0,-450.05,126.9,10,3,0.423818
1634,2,320.45,127.4,5,4,0
1635,3,144.65,127.9,5,N,0
1636,2,360.65,127.4,5,5,0
1637,0,369.55,127.4,10,3,0.16998
1638,3,147.65,130.8,5,N,0
1639,3,169.95,128.4,5,N,0
1640,2,345.75,127.9,5,4,0
1641,3,312.45,129.4,5,N,0
1642,0,-180.55,129.4,10,3,0.98725
1643,2,199.75,129.4,5,4,0
1644,0,224.15,129.4,10,3,0.274052
1645,2,264.35,130.8,5,4,0
1646,3,185.85,129.4,5,N,0
1647,2,324.85,128.9,5,5,0
1648,0,271.75,131.8,10,3,0.538555
1649,3,283.15,131.3,5,N,0
1650,2,350.25,129.9,5,5,0
1651,0,384.45,130.3,10,3,0.489472
1652,0,131.25,132.3,10,3,0.954352
1653,3,168.05,130.8,5,N,0
1654,0,180.95,131.3,10,3,0.370636
1655,0,-394.95,131.8,10,3,0.0392706
1656,0,228.05,133.3,10,3,0.0130284
1657,0,250.95,132.3,10,3,0.505535
1658,4,301.05,131.8,5,8,0
1659,3,317.95,130.8,5,N,0
1660,4,108.45,131.3,5,8,0
1661,0,-447.15,132.8,10,3,0.0329657
1662,0,-431.75,132.8,10,3,0.0871235
1663,0,-352.75,132.3,10,3,0.884762
1664,2,176.95,132.8,5,4,0
1665,0,222.15,133.8,10,3,0.463489
1666,0,306.05,134.3,10,3,0.431008
1667,2,289.65,134.3,5,4,0
1668,3,294.15,134.3,5,N,0
1669,0,158.55,135.3,10,3,0.140655
1670,0,258.85,134.3,10,3,0.0411482
1671,2,328.85,137.8,5,4,0
1672,0,111.95,136.3,10,3,0.0111669
1673,0,198.25,135.8,10,3,0.444096
1674,0,276.25,134.8,10,3,0.670652
1675,4,266.35,137.3,5,8,0
1676,2,317.95,135.8,5,4,0
1677,0,239.95,137.3,10,3,0.936804
1678,0,246.45,136.8,10,3,0.156056
1679,2,300.05,136.3,5,5,0
1680,0,343.25,136.8,10,3,0.0139163
1681,0,126.35,137.3,10,3,0.750243
1682,0,-16.65,138.3,10,3,0.322791
1683,0,117.35,138.8,10,3,0.109123
1684,3,287.15,138.3,5,N,0
1685,0,-394.45,138.8,10,3,0.455773
1686,0,193.35,138.3,10,3,0.134054
1687,3,203.75,138.3,5,N,0
1688,0,-125.45,140.3,10,3,0.496036
1689,0,-62.35,140.3,10,3,0.290857
1690,3,175.45,139.8,5,N,0
1691,0,185.35,139.3,10,3,0.103965
1692,2,302.55,139.8,5,5,0
1693,2,312.45,139.8,5,5,0
1694,0,107.95,139.8,10,3,0.449096
1695,0,228.05,139.8,10,3,0.790965
1696,0,275.75,140.8,10,3,0.42461
1697,0,139.75,140.8,10,3,0.226462
1698,3,146.15,140.8,5,N,0
1699,0,237.05,142.3,10,3,0.220968
1700,2,157.55,142.8,5,4,0
1701,2,203.25,145.7,5,4,0
1702,0,318.45,142.3,10,3,0.323813
1703,3,165.05,143.8,5,N,0
1704,0,210.75,141.3,10,3,0.427258
1705,0,94.05,143.3,10,3,0.726744
1706,0,151.15,142.3,10,3,0.72333
1707,0,189.35,143.3,10,3,0.843063
1708,0,194.35,143.8,10,3,0.0773633
1709,0,121.35,143.8,10,3,0.931489
1710,0,177.95,144.3,10,3,0.857207
1711,2,270.25,143.8,5,4,0
1712,1,281.75,143.8,10,1,0
1713,0,101.45,143.8,10,3,0.225081
1714,3,182.45,146.2,5,N,0
1715,0,276.25,144.7,10,3,0.847439
1716,0,295.65,144.3,10,3,0.856357
1717,0,258.35,145.7,10,3,0.16462
1718,0,264.85,144.7,10,3,0.0943137
1719,0,114.85,145.7,10,3,0.71023
1720,0,28.05,148.2,10,3,0.12175
1721,0,229.55,147.2,10,3,0.805159
1722,2,302.55,146.2,5,4,0
1723,0,332.35,145.7,10,3,0.157532
1724,0,234.55,149.2,10,3,0.270448
1725,0,-285.25,147.2,10,3,0.258074
1726,0,95.55,147.2,10,3,0.94113
1727,0,-408.85,148.2,10,3,0.282973
1728,0,76.15,148.2,10,3,0.176719
1729,2,150.65,149.2,5,4,0
1730,0,211.75,148.2,10,3,0.395527
1731,3,166.05,149.2,5,N,0
1732,0,195.35,148.7,10,3,0.631677
1733,0,276.25,148.7,10,3,0.836919
1734,0,281.75,150.2,10,3,0.882343
1735,0,170.95,150.7,10,3,0.118624
1736,3,354.65,149.2,5,N,0
1737,0,288.65,149.7,10,3,0.3287
1738,0,-182.45,150.2,10,3,0.236459
1739,2,318.45,150.7,5,4,0
1740,0,108.45,151.2,10,3,0.804996
1741,0,-81.25,153.2,10,3,0.809868
1742,0,-32.05,152.2,10,3,0.652478
1743,0,-60.35,152.7,10,3,0.0498027
1744,0,74.15,152.2,10,3,0.0176777
1745,0,91.55,152.7,10,3,0.795818
1746,0,-371.65,152.7,10,3,0.454824
1747,0,154.15,151.7,10,3,0.451611
1748,1,194.85,153.2,10,1,0
1749,4,245.95,152.7,5,8,0
1750,0,228.55,154.2,10,3,0.519557
1751,2,200.75,154.7,5,4,0
1752,2,347.25,154.2,5,5,0
1753,5,400.35,154.7,5,10,0.264
1754,0,112.95,155.7,10,3,0.796369
1755,0,128.75,155.2,10,3,0.855374
1756,0,171.45,156.7,10,3,0.871456
1757,0,269.75,155.2,10,3,0.831712
1758,0,-417.85,155.7,10,3,0.547964
1759,0,184.35,155.2,10,3,0.305899
1760,0,251.95,156.2,10,3,0.0768945
1761,0,281.75,156.2,10,3,0.493795
1762,0,339.75,155.7,10,3,0.335234
1763,5,324.85,156.7,5,10,0.264
1764,0,-34.05,157.7,10,3,0.990595
1765,2,152.15,156.7,5,4,0
1766,3,157.55,157.2,5,N,0
1767,0,-24.65,157.2,10,3,0.079462
1768,0,145.15,160.1,10,3,0.0903566
1769,0,77.15,158.2,10,3,0.524975
1770,0,97.55,158.6,10,3,0.556335
1771,0,303.05,157.7,10,3,0.0281087
1772,0,275.75,158.6,10,3,0.753411
1773,0,285.65,160.1,10,3,0.310168
1774,0,393.95,158.6,10,3,0.0390579
1775,0,162.05,160.1,10,3,0.604204
1776,0,318.45,159.6,10,3,0.491723
1777,2,84.65,160.1,5,4,0
1778,0,232.05,159.6,10,3,0.183221
1779,0,256.85,161.1,10,3,0.272727
1780,2,263.85,160.1,5,4,0
1781,0,139.25,161.1,10,3,0.955852
1782,0,197.75,160.1,10,3,0.622645
1783,0,325.35,160.6,10,3,0.385047
1784,0,205.25,160.6,10,3,0.187539
1785,0,291.15,163.6,10,3,0.230209
1786,0,186.85,162.6,10,3,0.32666
1787,0,365.15,162.6,10,3,0.909919
1788,2,158.55,163.6,5,4,0
1789,0,300.05,164.6,10,3,0.320724
1790,0,326.85,164.6,10,3,0.601648
1791,0,166.05,163.6,10,3,0.374921
1792,2,268.75,164.1,5,4,0
1793,0,180.95,165.6,10,3,0.28706
1794,0,246.95,165.6,10,3,0.299996
1795,2,155.15,166.1,5,4,0
1796,0,174.95,165.6,10,3,0.693757
1797,0,135.25,166.6,10,3,0.702766
1798,0,239.55,165.6,10,3,0.349067
1799,0,312.45,168.6,10,3,0.534612
1800,0,-110.05,167.6,10,3,0.527354
1801,0,103.45,167.6,10,3,0.50905
1802,0,-83.65,168.1,10,3,0.909809
1803,0,162.55,168.1,10,3,0.255808
1804,0,-369.65,169.1,10,3,0.527956
1805,0,301.55,169.1,10,3,0.6388
1806,0,250.95,170.1,10,3,0.303066
1807,0,115.35,170.1,10,3,0.831719
1808,1,183.45,172.1,10,1,0
1809,0,205.75,171.6,10,3,0.0161279
1810,5,319.95,171.6,5,10,0.264
1811,2,211.75,172.5,5,4,0
1812,0,144.15,172.5,10,3,0.127073
1813,0,225.65,172.1,10,3,0.700111
1814,0,360.65,172.1,10,3,0.565033
1815,0,378.05,172.5,10,3,0.602291
1816,0,74.15,173.5,10,3,0.104349
1817,0,118.85,177.5,10,3,0.786859
1818,0,134.25,176.5,10,3,0.692374
1819,0,235.55,173,10,3,0.128537
1820,0,310.95,175,10,3,0.72242
1821,5,326.35,173.5,5,10,0.264
1822,0,203.25,174,10,3,0.22246
1823,2,249.45,175,5,4,0
1824,2,297.05,175,5,4,0
1825,0,191.85,176.5,10,3,0.766737
1826,0,-39.05,176,10,3,0.766549
1827,2,163.05,175.5,5,4,0
1828,0,-214.25,177,10,3,0.794453
1829,0,241.95,176,10,3,0.351619
1830,0,263.35,175,10,3,0.788725
1831,0,318.45,176,10,3,0.899719
1832,0,187.35,176.5,10,3,0.357674
1833,2,209.25,178,5,4,0
1834,0,185.85,182,10,3,0.656559
1835,0,214.15,179,10,3,0.701357
1836,3,334.85,179,5,N,0
1837,0,339.75,181,10,3,0.153947
1838,0,136.25,180.5,10,3,0.675613
1839,0,141.65,180,10,3,0.0791504
1840,3,162.05,181.5,5,N,0
1841,0,233.05,182.5,10,3,0.593625
1842,0,310.95,182,10,3,0.217359
1843,0,124.35,182,10,3,0.226567
1844,0,147.15,181,10,3,0.0221828
1845,0,264.85,184,10,3,0.760295
1846,0,-135.35,182.5,10,3,0.453774
1847,0,-361.75,182.5,10,3,0.390636
1848,0,108.95,183,10,3,0.70556
1849,0,217.15,183,10,3,0.370958
1850,0,273.25,183.5,10,3,0.898549
1851,0,343.25,182,10,3,0.531516
1852,0,-241.55,183.5,10,3,0.504734
1853,0,191.85,183,10,3,0.25813
1854,2,211.75,183.5,5,4,0
1855,0,199.75,184,10,3,0.675146
1856,2,290.15,184,5,4,0
1857,2,322.95,183.5,5,4,0
1858,2,162.55,184.5,5,4,0
1859,0,171.95,185,10,3,0.170194
1860,0,259.35,184.5,10,3,0.00354962
1861,2,208.25,185.5,5,4,0
1862,0,-56.35,185.5,10,3,0.689057
1863,0,138.75,186.9,10,3,0.584949
1864,5,337.35,187.4,5,10,0.264
1865,0,-394.45,186.9,10,3,0.825933
1866,0,193.85,187.4,10,3,0.951476
1867,0,248.95,187.4,10,3,0.151106
1868,0,275.75,188.4,10,3,0.979491
1869,0,285.15,186.9,10,3,0.752207
1870,0,-406.45,187.9,10,3,0.796635
1871,0,161.55,188.9,10,3,0.0478423
1872,3,220.65,188.9,5,N,0
1873,3,254.85,189.9,5,N,0
1874,3,203.75,190.9,5,N,0
1875,0,-65.35,189.9,10,3,0.858754
1876,0,142.65,188.9,10,3,0.740061
1877,0,-411.35,190.4,10,3,0.45959
1878,0,-151.25,190.4,10,3,0.0353471
1879,0,130.75,194.4,10,3,0.803956
1880,0,291.15,189.9,10,3,0.853243
1881,0,-459.05,190.9,10,3,0.922085
1882,0,-15.15,190.4,10,3,0.0450786
1883,0,124.35,193.4,10,3,0.0650964
1884,0,171.95,192.9,10,3,0.336349
1885,0,186.85,190.9,10,3,0.797932
1886,0,300.05,191.9,10,3,0.129387
1887,0,240.45,191.4,10,3,0.0678682
1888,0,159.05,194.4,10,3,0.3947
1889,0,197.35,192.4,10,3,0.648577
1890,0,108.45,193.9,10,3,0.760153
1891,0,-400.45,192.9,10,3,0.146484
1892,0,-204.85,193.9,10,3,0.666095
1893,0,247.95,196.4,10,3,0.80037
1894,2,230.55,193.9,5,4,0
1895,0,345.75,194.9,10,3,0.828783
1896,0,310.95,194.9,10,3,0.502966
1897,0,164.05,195.4,10,3,0.0291363
1898,0,178.95,196.9,10,3,0.807619
1899,3,210.75,194.9,5,N,0
1900,0,-434.65,195.4,10,3,0.464812
1901,3,183.85,195.9,5,N,0
1902,0,224.15,195.4,10,3,0.574342
1903,0,241.45,195.9,10,3,0.758289
1904,0,295.65,195.9,10,3,0.490712
1905,0,320.45,196.9,10,3,0.796096
1906,0,-160.15,195.9,10,3,0.420547
1907,0,155.15,196.9,10,3,0.820465
1908,5,315.45,197.4,5,10,0.264
1909,0,-26.15,198.9,10,3,0.961572
1910,0,-184.45,199.4,10,3,0.969556
1911,0,264.35,199.4,10,3,0.346189
1912,3,170.45,200.4,5,N,0
1913,0,242.95,200.4,10,3,0.664888
1914,0,255.35,200.8,10,3,0.497846
1915,2,330.35,200.8,5,4,0
1916,0,113.85,201.3,10,3,0.49248
1917,0,135.75,201.8,10,3,0.518333
1918,0,184.85,201.8,10,3,0.242862
1919,0,219.65,200.8,10,3,0.213828
1920,0,320.95,202.3,10,3,0.985188
1921,0,-100.05,202.3,10,3,0.97122
1922,0,156.05,201.8,10,3,0.725001
1923,3,167.55,203.3,5,N,0
1924,0,228.55,202.8,10,3,0.800856
1925,0,-146.75,203.3,10,3,0.891876
1926,0,264.85,203.8,10,3,0.757435
1927,0,-447.15,204.8,10,3,0.787588
1928,0,174.45,204.8,10,3,0.520468
1929,0,238.05,205.8,10,3,0.715038
1930,2,129.25,205.8,5,4,0
1931,0,242.95,205.8,10,3,0.54227
1932,0,187.35,206.3,10,3,0.0978269
1933,0,220.15,207.3,10,3,0.814432
1934,0,225.15,207.3,10,3,0.0925121
1935,4,-32.05,207.8,5,8,0
1936,0,111.45,208.3,10,3,0.658033
1937,0,156.05,209.8,10,3,0.318871
1938,0,202.25,207.3,10,3,0.512738
1939,0,214.65,209.3,10,3,0.659299
1940,0,265.85,208.3,10,3,0.456784
1941,1,343.25,208.3,10,1,0
1942,0,90.05,210.3,10,3,0.550111
1943,0,162.55,210.3,10,3,0.398127
1944,0,183.45,210.3,10,3,0.944145
1945,0,235.05,209.8,10,3,0.724392
1946,0,209.75,211.3,10,3,0.00145925
1947,0,306.55,210.8,10,3,0.463855
1948,0,226.05,214.7,10,3,0.651456
1949,0,247.45,214.3,10,3,0.0371309
1950,5,334.35,211.3,5,10,0.264
1951,0,194.35,212.3,10,3,0.854204
1952,2,300.55,212.3,5,5,0
1953,0,315.95,212.3,10,3,0.260408
1954,0,328.35,212.3,10,3,0.376495
1955,0,125.85,212.8,10,3,0.469489
1956,3,176.95,212.3,5,N,0
1957,0,341.75,215.2,10,3,0.607821
1958,0,-277.85,213.3,10,3,0.858236
1959,0,-262.95,212.8,10,3,0.307453
1960,0,310.45,214.3,10,3,0.573214
1961,0,152.15,213.3,10,3,0.223204
1962,0,187.35,214.3,10,3,0.0584713
1963,0,254.85,215.2,10,3,0.0498775
1964,2,215.65,215.7,5,4,0
1965,0,-175.05,216.2,10,3,0.652813
1966,0,165.05,218.7,10,3,0.990146
1967,0,-297.65,217.7,10,3,0.433381
1968,0,-187.95,216.7,10,3,0.0970369
1969,0,305.55,217.2,10,3,0.0659361
1970,0,-92.65,217.2,10,3,0.889717
1971,0,137.25,217.7,10,3,0.234421
1972,0,317.95,217.7,10,3,0.427727
1973,0,342.75,219.7,10,3,0.79569
1974,0,-23.15,218.7,10,3,0.542309
1975,0,-147.75,218.7,10,3,0.458862
1976,0,191.35,218.2,10,3,0.628558
1977,0,-209.35,220.2,10,3,0.511497
1978,2,144.15,219.2,5,4,0
1979,0,158.05,218.7,10,3,0.0850325
1980,0,179.95,218.7,10,3,0.972714
1981,2,212.15,219.2,5,4,0
1982,2,297.05,220.2,5,5,0
1983,0,327.85,219.7,10,3,0.985687
1984,0,151.65,220.2,10,3,0.958254
1985,2,222.65,220.2,5,4,0
1986,0,119.35,222.2,10,3,0.321449
1987,3,193.85,221.7,5,N,0
1988,0,125.35,221.7,10,3,0.430132
1989,0,169.05,222.2,10,3,0.461562
1990,0,217.65,222.7,10,3,0.0362514
1991,2,260.85,222.7,5,4,0
1992,0,-83.65,223.2,10,3,0.389671
1993,0,246.45,223.7,10,3,0.543897
1994,2,309.55,222.7,5,4,0
1995,0,137.75,224.2,10,3,0.696978
1996,0,174.45,223.2,10,3,0.437774
1997,0,-324.45,224.2,10,3,0.077854
1998,1,339.25,223.7,10,1,0
1999,2,256.35,224.2,5,4,0
2000,0,-105.55,226.2,10,3,0.10842
2001,0,213.15,225.2,10,3,0.928928
2002,0,-351.25,225.2,10,3,0.157382
2003,0,227.05,226.2,10,3,0.458424
2004,2,265.35,225.7,5,5,0
2005,0,298.05,226.2,10,3,0.758012
2006,0,-254.45,226.7,10,3,0.94372
2007,0,-112.45,228.2,10,3,0.603413
2008,4,156.55,226.7,5,8,0
2009,0,201.75,227.2,10,3,0.427646
2010,0,418.75,227.7,10,3,0.988508
2011,0,207.75,226.2,10,3,0.106007
2012,0,221.65,229.1,10,3,0.0391719
2013,2,259.85,227.2,5,4,0
2014,0,214.15,227.7,10,3,0.891709
2015,3,190.35,228.2,5,N,0
2016,0,251.45,230.1,10,3,0.595817
2017,0,326.85,229.1,10,3,0.329264
2018,2,119.85,228.7,5,4,0
2019,0,196.35,228.7,10,3,0.493579
2020,5,401.85,232.1,5,10,0.264
2021,0,-286.75,229.1,10,3,0.142297
2022,0,-191.95,230.1,10,3,0.686031
2023,0,-274.35,230.1,10,3,0.19888
2024,0,163.55,231.1,10,3,0.522116
2025,0,179.45,230.6,10,3,0.816358
2026,0,240.95,231.1,10,3,0.275324
2027,0,217.65,231.6,10,3,0.484152
2028,2,265.35,232.1,5,4,0
2029,4,298.55,232.1,5,8,0
2030,0,234.55,233.1,10,3,0.84835
2031,0,172.45,233.1,10,3,0.398148
2032,0,208.25,233.6,10,3,0.289444
2033,0,246.95,232.6,10,3,0.355091
2034,0,113.45,233.1,10,3,0.290861
2035,3,271.75,233.1,5,N,0
2036,0,-366.65,233.6,10,3,0.251196
2037,0,-268.35,234.6,10,3,0.123059
2038,0,184.35,236.1,10,3,0.241011
2039,0,199.25,235.1,10,3,0.480072
2040,2,328.85,235.6,5,4,0
2041,0,333.35,237.6,10,3,0.947988
2042,0,-285.75,237.1,10,3,0.446144
2043,0,224.15,236.1,10,3,0.109986
2044,0,138.75,237.6,10,3,0.814603
2045,3,189.35,237.6,5,N,0
2046,3,297.05,237.1,5,N,0
2047,3,204.25,236.6,5,N,0
2048,0,219.65,239.6,10,3,0.209902
2049,0,236.05,239.6,10,3,0.261503
2050,0,-336.35,239.6,10,3,0.184816
2051,3,171.95,240.6,5,N,0
2052,0,245.45,239.1,10,3,0.656448
2053,0,-203.85,240.1,10,3,0.863786
2054,0,268.25,240.1,10,3,0.674431
2055,0,-297.15,241.1,10,3,0.290559
2056,0,-79.25,241.6,10,3,0.788294
2057,0,185.85,241.1,10,3,0.886353
2058,0,273.75,241.6,10,3,0.110128
2059,0,-215.25,242.1,10,3,0.52686
2060,0,-84.65,243,10,3,0.18346
2061,0,197.35,242.6,10,3,0.384845
2062,0,264.35,242.1,10,3,0.0209984
2063,0,405.85,243,10,3,0.843387
2064,0,-251.05,243.5,10,3,0.59318
2065,0,-175.55,243.5,10,3,0.882054
2066,0,178.95,243,10,3,0.724524
2067,1,241.45,243,10,1,0
2068,0,247.95,245,10,3,0.225739
2069,0,-380.55,245,10,3,0.257296
2070,0,202.75,245,10,3,0.838482
2071,0,-244.05,245,10,3,0.294713
2072,0,-170.05,246,10,3,0.660324
2073,0,191.35,244.5,10,3,0.962711
2074,0,-226.65,245.5,10,3,0.63621
2075,0,278.75,247.5,10,3,0.356953
2076,0,-105.55,247.5,10,3,0.0928028
2077,0,391.95,248,10,3,0.250742
2078,0,-417.35,248.5,10,3,0.14251
2079,0,171.95,248.5,10,3,0.190755
2080,0,199.25,250,10,3,0.713856
2081,0,-352.25,249,10,3,0.489807
2082,0,226.05,249.5,10,3,0.703386
2083,0,185.85,249,10,3,0.0834395
2084,0,147.15,251.5,10,3,0.434237
2085,0,-304.65,250,10,3,0.616529
2086,0,-27.55,250,10,3,0.477472
2087,0,-94.65,252,10,3,0.0726573
2088,0,279.75,251,10,3,0.253537
2089,0,216.15,252.5,10,3,0.293382
2090,0,238.55,252,10,3,0.866906
2091,0,209.75,254,10,3,0.332138
2092,0,-46.95,254.5,10,3,0.38597
2093,2,277.75,255.5,5,4,0
2094,0,-74.25,257.9,10,3,0.500941
2095,0,390.45,256,10,3,0.993312
2096,3,185.85,256.9,5,N,0
2097,0,222.15,256.5,10,3,0.559598
2098,0,381.95,256.5,10,3,0.107857
2099,0,103.45,258.9,10,3,0.682867
2100,0,324.85,256.9,10,3,0.512881
2101,0,212.15,257.9,10,3,0.957433
2102,0,217.65,258.4,10,3,0.862164
2103,0,-322.05,258.9,10,3,0.14563
2104,0,-81.25,258.9,10,3,0.446589
2105,0,284.65,258.9,10,3,0.380043
2106,0,-231.65,259.4,10,3,0.101084
2107,0,156.05,258.9,10,3,0.0372511
2108,0,-133.35,260.9,10,3,0.600471
2109,2,181.45,259.9,5,4,0
2110,2,269.25,260.9,5,4,0
2111,0,322.45,259.9,10,3,0.179755
2112,2,141.65,261.4,5,4,0
2113,0,-359.75,261.4,10,3,0.214671
2114,0,152.15,260.4,10,3,0.518162
2115,0,218.65,261.9,10,3,0.0130766
2116,0,147.15,261.9,10,3,0.494195
2117,2,187.85,261.9,5,4,0
2118,0,-318.05,262.9,10,3,0.929856
2119,0,-270.85,264.4,10,3,0.796543
2120,0,286.65,263.4,10,3,0.740733
2121,0,-166.15,263.9,10,3,0.582291
2122,0,-182.45,265.4,10,3,0.92675
2123,0,51.85,265.4,10,3,0.443452
2124,0,107.45,265.9,10,3,0.115802
2125,0,-40.55,266.9,10,3,0.00264993
2126,0,133.75,266.9,10,3,0.97593
2127,0,-278.85,269.4,10,3,0.384466
2128,0,-339.85,270.8,10,3,0.73763
2129,0,109.95,271.3,10,3,0.192855
2130,0,258.35,270.4,10,3,0.0655273
2131,0,-208.35,271.3,10,3,0.860524
2132,0,276.25,271.3,10,3,0.673078
2133,0,-331.95,272.3,10,3,0.552363
2134,0,-104.05,272.3,10,3,0.898172
2135,0,-290.75,274.3,10,3,0.742801
2136,0,-72.75,274.8,10,3,0.396169
2137,0,251.45,275.3,10,3,0.722241
2138,0,-422.75,277.8,10,3,0.857083
2139,0,327.85,275.8,10,3,0.831804
2140,0,257.85,277.8,10,3,0.859286
2141,0,-380.55,277.8,10,3,0.762987
2142,0,-446.15,279.8,10,3,0.271878
2143,0,-129.35,280.8,10,3,0.743259
2144,0,211.75,280.3,10,3,0.871287
2145,5,176.45,280.8,5,10,0.264
2146,0,-46.45,281.3,10,3,0.748869
2147,0,121.85,283.8,10,3,0.272645
2148,0,-66.35,282.8,10,3,0.439877
2149,0,132.25,283.3,10,3,0.972032
2150,0,-21.65,282.3,10,3,0.478708
2151,0,92.05,284.3,10,3,0.47796
2152,5,170.95,283.8,5,10,0.264
2153,0,-426.25,284.3,10,3,0.183163
2154,0,-347.85,284.8,10,3,0.86843
2155,5,176.95,286.7,5,10,0.264
2156,0,-404.95,286.2,10,3,0.237602
2157,0,-75.25,286.2,10,3,0.438829
2158,0,-95.15,287.2,10,3,0.980603
2159,0,-28.05,288.2,10,3,0.630254
2160,0,1.65,287.2,10,3,0.555535
2161,0,-441.65,287.7,10,3,0.943752
2162,0,-84.65,287.7,10,3,0.580535
2163,0,181.95,287.7,10,3,0.0708891
2164,0,140.25,288.2,10,3,0.940411
2165,0,135.25,289.7,10,3,0.922714
2166,0,147.15,291.2,10,3,0.998347
2167,0,-427.25,290.7,10,3,0.464516
2168,0,169.55,290.2,10,3,0.655746
2169,0,-462.95,291.2,10,3,0.483499
2170,0,-263.95,291.7,10,3,0.162747
2171,0,326.35,292.2,10,3,0.668219
2172,0,187.85,292.7,10,3,0.48505
2173,0,192.35,292.7,10,3,0.647502
2174,0,-286.25,292.7,10,3,0.940205
2175,0,-78.75,292.7,10,3,0.501053
2176,0,301.05,295.2,10,3,0.250238
2177,0,-281.75,294.7,10,3,0.60941
2178,0,-15.65,295.2,10,3,0.00175103
2179,0,142.15,294.7,10,3,0.789592
2180,0,91.05,296.7,10,3,0.770849
2181,0,-44.45,297.2,10,3,0.410116
2182,0,65.75,296.2,10,3,0.398697
2183,0,173.95,296.2,10,3,0.134349
2184,0,239.55,296.2,10,3,0.580065
2185,0,251.45,297.2,10,3,0.943809
2186,0,262.35,297.2,10,3,0.859809
2187,0,269.75,297.7,10,3,0.777748
2188,0,149.65,297.7,10,3,0.33977
2189,0,305.05,298.2,10,3,0.269174
2190,0,142.65,300.6,10,3,0.2998
2191,0,178.45,299.6,10,3,0.00706243
2192,0,223.15,299.6,10,3,0.981596
2193,0,230.05,300.1,10,3,0.235007
2194,0,217.65,300.1,10,3,0.6159
2195,0,-308.55,302.1,10,3,0.164928
2196,0,-289.25,302.1,10,3,0.591802
2197,0,-57.85,302.1,10,3,0.198717
2198,0,-42.45,301.6,10,3,0.102515
2199,0,210.25,302.1,10,3,0.866941
2200,0,234.05,302.6,10,3,0.562555
2201,0,267.35,302.6,10,3,0.239151
2202,0,-360.25,304.1,10,3,0.947976
2203,0,-318.55,303.6,10,3,0.176618
2204,0,-91.15,303.6,10,3,0.268252
2205,0,189.85,304.1,10,3,0.00866031
2206,0,271.75,304.6,10,3,0.80054
2207,0,217.65,304.6,10,3,0.737053
2208,0,287.65,307.6,10,3,0.917414
2209,0,254.35,305.6,10,3,0.889208
2210,0,-336.35,306.6,10,3,0.78358
2211,0,218.65,308.1,10,3,0.0771918
2212,0,229.55,307.1,10,3,0.347005
2213,0,-19.15,308.6,10,3,0.828699
2214,0,302.05,308.1,10,3,0.494978
2215,0,-68.35,313,10,3,0.296844
2216,0,283.65,310.6,10,3,0.0939967
2217,0,-56.35,312.6,10,3,0.271558
2218,0,152.15,312.1,10,3,0.230076
2219,5,224.65,312.6,5,10,0.264
2220,0,311.95,314,10,3,0.429906
2221,0,-23.65,317,10,3,0.647659
2222,0,233.55,315.5,10,3,0.853638
2223,0,293.15,315.5,10,3,0.286769
2224,0,-447.15,317,10,3,0.978189
2225,0,102.95,317,10,3,0.161988
2226,0,109.95,316.5,10,3,0.0462035
2227,0,148.15,318.5,10,3,0.92475
2228,0,221.15,320,10,3,0.672321
2229,0,208.75,321.5,10,3,0.590301
2230,5,350.25,321.5,5,10,0.264
2231,0,-455.55,322.5,10,3,0.313741
2232,0,-461.55,324,10,3,0.15752
2233,0,260.85,327,10,3,0.89244
2234,0,-44.45,327.9,10,3,0.741422
2235,0,152.65,328.9,10,3,0.079054
2236,0,-367.65,329.4,10,3,0.283357
2237,0,33.95,329.9,10,3,0.438818
2238,0,297.55,330.4,10,3,0.68635
2239,0,-462.95,330.4,10,3,0.642438
2240,0,-34.55,332.4,10,3,0.444985
2241,0,179.45,331.9,10,3,0.83432
2242,4,206.25,332.4,5,8,0
2243,0,-451.05,332.4,10,3,0.641047
2244,0,-435.15,334.9,10,3,0.555786
2245,0,-418.85,331.9,10,3,0.820418
2246,0,-7.25,335.4,10,3,0.0842223
2247,1,164.55,336.4,10,1,0
2248,2,207.25,335.9,5,4,0
2249,0,307.55,335.4,10,3,0.998597
2250,0,285.15,336.4,10,3,0.347917
2251,0,193.35,336.9,10,3,0.626961
2252,0,-398.45,337.9,10,3,0.979897
2253,0,170.45,340.4,10,3,0.382954
2254,0,-410.85,341.3,10,3,0.791115
2255,0,158.05,341.3,10,3,0.299992
2256,0,262.35,341.3,10,3,0.0333404
2257,0,279.25,341.8,10,3,0.982361
2258,0,437.55,343.3,10,3,0.290967
2259,0,177.95,343.3,10,3,0.410301
2260,2,255.35,342.8,5,4,0
2261,0,40.45,344.3,10,3,0.561127
2262,0,45.85,344.8,10,3,0.770209
2263,0,3.15,344.8,10,3,0.54913
2264,0,288.65,345.8,10,3,0.0125892
2265,2,192.35,345.3,5,5,0
2266,0,-457.55,346.3,10,3,0.864139
2267,0,185.85,346.3,10,3,0.234496
2268,0,-27.05,346.3,10,3,0.233796
2269,0,255.35,347.3,10,3,0.489418
2270,3,261.35,346.3,5,N,0
2271,0,269.25,346.8,10,3,0.19993
2272,0,276.75,347.3,10,3,0.942376
2273,0,-387.55,-264.3,10,3,0.162733
2274,0,154.65,-230.1,10,3,0.541229
2275,0,-95.15,-226.1,10,3,0.574216
2276,0,75.15,-226.1,10,3,0.182516
2277,0,160.55,-186.9,10,3,0.0393508
2278,0,125.35,-169,10,3,0.158414
2279,0,151.15,-166.5,10,3,0.956794
2280,0,99.95,-161.1,10,3,0.0634209
2281,0,243.45,-152.6,10,3,0.771141
2282,0,154.15,-146.2,10,3,0.386754
2283,0,203.75,-146.7,10,3,0.19389
2284,0,96.55,-145.2,10,3,0.993181
2285,0,218.15,-144.7,10,3,0.708081
2286,0,164.55,-136.3,10,3,0.985953
2287,0,118.85,-132.3,10,3,0.100335
2288,0,235.55,-127.3,10,3,0.636121
2289,0,102.95,-125.8,10,3,0.777004
2290,0,133.25,-125.3,10,3,0.37854
2291,0,220.65,-123.8,10,3,0.862745
2292,0,268.75,-124.3,10,3,0.0919382
2293,0,190.85,-117.9,10,3,0.48762
2294,0,111.45,-116.4,10,3,0.988531
2295,0,62.75,-111.4,10,3,0.739395
2296,0,180.95,-106.5,10,3,0.301209
2297,0,138.25,-105,10,3,0.722298
2298,0,63.75,-104.5,10,3,0.927189
2299,0,169.95,-101,10,3,0.443966
2300,0,262.35,-96.5,10,3,0.450026
2301,0,154.15,-94.6,10,3,0.649024
2302,0,114.35,-93.1,10,3,0.729131
2303,0,213.65,-88.6,10,3,0.364084
2304,0,207.25,-87.6,10,3,0.484511
2305,0,246.95,-86.6,10,3,0.658368
2306,0,254.35,-85.1,10,3,0.761596
2307,0,283.15,-83.6,10,3,0.688043
2308,0,63.75,-77.2,10,3,0.382958
2309,0,70.25,-77.2,10,3,0.61868
2310,0,262.35,-76.7,10,3,0.260907
2311,0,217.15,-75.7,10,3,0.866419
2312,2,126.85,-69.2,5,4,0
2313,0,67.25,-65.3,10,3,0.0129286
2314,0,160.55,-64.3,10,3,0.173888
2315,0,296.55,-58.8,10,3,0.942631
2316,0,317.45,-54.3,10,3,0.546514
2317,0,210.75,-54.3,10,3,0.351705
2318,0,53.85,-47.4,10,3,0.747465
2319,0,89.55,-45.4,10,3,0.60884
2320,0,180.95,-45.4,10,3,0.503913
2321,0,144.65,-43.9,10,3,0.000658889
2322,0,220.65,-43.4,10,3,0.765665
2323,0,240.45,-42.4,10,3,0.0183156
2324,0,143.15,-41.9,10,3,0.214187
2325,0,195.35,-40.9,10,3,0.477794
2326,0,166.05,-38.4,10,3,0.755276
2327,1,216.65,-36.5,10,1,0
2328,0,254.35,-34.5,10,3,0.439486
2329,0,169.55,-32,10,3,0.548196
2330,0,328.35,-29,10,3,0.820462
2331,0,133.75,-28.5,10,3,0.211801
2332,0,200.25,-24.5,10,3,0.200907
2333,0,235.55,-23.1,10,3,0.654594
2334,1,228.05,-19.1,10,1,0
2335,0,91.05,-18.1,10,3,0.471811
2336,0,239.55,-15.6,10,3,0.907185
2337,0,266.85,-11.6,10,3,0.775291
2338,0,144.65,-9.2,10,3,0.550865
2339,0,99.45,-8.7,10,3,0.842181
2340,0,38.95,-5.7,10,3,0.841689
2341,0,253.95,-4.2,10,3,0.428033
2342,0,173.45,-3.2,10,3,0.195878
2343,0,153.15,-0.7,10,3,0.20849
2344,0,143.65,1.3,10,3,0.37047
2345,0,83.15,1.8,10,3,0.744376
2346,2,40.45,2.3,5,5,0
2347,0,218.65,2.8,10,3,0.783655
2348,0,85.55,4.7,10,3,0.276978
2349,0,307.55,6.2,10,3,0.306393
2350,0,175.45,10.2,10,3,0.760697
2351,0,173.45,12.7,10,3,0.960471
2352,0,168.55,14.2,10,3,0.161832
2353,0,239.95,16.7,10,3,0.0207855
2354,0,242.95,17.2,10,3,0.612086
2355,0,231.55,18.6,10,3,0.499536
2356,0,95.05,19.6,10,3,0.938301
2357,0,195.35,20.1,10,3,0.00839491
2358,0,213.65,23.6,10,3,0.720386
2359,3,126.85,30.6,5,N,0
2360,0,342.75,37,10,3,0.676083
2361,1,260.35,37.5,10,1,0
2362,0,221.65,43.5,10,3,0.909191
2363,0,117.85,43.5,10,3,0.573922
2364,2,104.45,45,5,4,0
2365,0,190.35,46,10,3,0.798251
2366,0,154.65,46.4,10,3,0.679423
2367,0,100.45,50.4,10,3,0.142911
2368,0,214.15,59.9,10,3,0.882229
2369,0,256.35,60.8,10,3,0.609064
2370,0,186.35,62.8,10,3,0.862787
2371,0,257.85,62.8,10,3,0.824822
2372,0,338.35,65.3,10,3,0.144623
2373,0,86.55,65.3,10,3,0.639511
2374,2,247.95,66.8,5,4,0
2375,0,347.75,68.8,10,3,0.0227937
2376,0,275.25,69.8,10,3,0.214229
2377,0,237.05,73.3,10,3,0.929147
2378,0,288.15,73.8,10,3,0.271663
2379,0,141.25,79.7,10,3,0.614103
2380,0,223.65,80.7,10,3,0.826041
2381,2,229.05,87.2,5,4,0
2382,0,187.35,92.6,10,3,0.731541
2383,0,66.25,94.6,10,3,0.122511
2384,3,103.45,101.1,5,N,0
2385,0,148.65,100.1,10,3,0.110377
2386,0,150.15,103.5,10,3,0.395389
2387,0,197.75,103,10,3,0.271235
2388,1,281.25,114,10,1,0
2389,0,300.55,115,10,3,0.54296
2390,0,205.75,125.9,10,3,0.0261487
2391,0,301.05,127.9,10,3,0.271545
2392,0,159.55,128.4,10,3,0.945047
2393,3,96.55,130.8,5,N,0
2394,0,268.25,130.8,10,3,0.400206
2395,0,163.55,132.3,10,3,0.672898
2396,2,138.25,134.3,5,4,0
2397,0,243.45,140.8,10,3,0.745653
2398,1,98.05,142.3,10,1,0
2399,0,223.15,142.3,10,3,0.848781
2400,0,271.75,148.7,10,3,0.945134
2401,0,175.95,149.2,10,3,0.92422
2402,0,177.95,149.2,10,3,0.404703
2403,0,220.15,152.7,10,3,0.559843
2404,0,325.35,152.2,10,3,0.406151
2405,0,107.95,154.2,10,3,0.624143
2406,1,167.55,157.2,10,1,0
2407,0,206.75,157.7,10,3,0.0257235
2408,0,154.15,160.6,10,3,0.83234
2409,1,168.05,160.1,10,1,0
2410,0,129.75,164.6,10,3,0.538136
2411,0,246.95,169.6,10,3,0.361791
2412,0,245.95,171.6,10,3,0.530163
2413,0,239.95,173,10,3,0.633719
2414,0,232.05,175,10,3,0.426212
2415,1,183.45,176.5,10,1,0
2416,0,106.45,178.5,10,3,0.610387
2417,3,159.05,179,5,N,0
2418,0,323.95,179,10,3,0.992086
2419,0,166.05,180,10,3,0.532748
2420,0,168.05,183.5,10,3,0.526907
2421,0,269.75,183.5,10,3,0.551494
2422,1,176.45,188.9,10,1,0
2423,1,177.45,202.3,10,1,0
2424,0,161.55,204.3,10,3,0.624589
2425,0,125.85,206.3,10,3,0.830375
2426,2,138.25,214.3,5,4,0
2427,0,323.95,219.7,10,3,0.21889
2428,0,185.85,221.7,10,3,0.641526
2429,4,238.05,225.7,5,8,0
2430,0,182.95,245.5,10,3,0.878145
2431,0,206.25,247,10,3,0.692491
2432,0,88.55,-174,10,3,0.375894
2433,0,45.85,-112.9,10,3,0.729445
2434,0,-236.65,-86.1,10,3,0.915467
2435,3,-213.25,-81.1,5,N,0
2436,2,-211.25,-70.2,5,4,0
2437,2,-206.85,-64.3,5,5,0
2438,0,425.65,-100.5,10,3,0.832496
2439,0,-84.15,-83.1,10,3,0.386634
2440,0,-114.95,-63.8,10,3,0.367928
2441,0,-116.45,-58.3,10,3,0.372527
2442,0,-174.55,-21.1,10,3,0.0254644
2443,0,-178.05,-18.1,10,3,0.0602628
2444,2,-213.75,-20.6,5,4,0
2445,0,-211.75,-9.7,10,3,0.953549
2446,0,-165.65,-25,10,3,0.813722
2447,0,-251.95,-17.6,10,3,0.758015
2448,0,-187.45,-8.7,10,3,0.346935
2449,0,56.35,0.8,10,3,0.937574
2450,0,400.85,-0.2,10,3,0.688046
2451,0,2.15,21.1,10,3,0.623091
2452,0,360.65,38.5,10,3,0.79483
2453,5,324.85,72.8,5,10,0.264
2454,2,344.25,97.6,5,5,0
2455,0,-148.25,98.6,10,3,0.0748179
2456,0,345.25,150.2,10,3,0.307812
2457,0,61.75,138.3,10,3,0.0977757
2458,0,348.25,165.6,10,3,0.292606
2459,0,335.85,167.1,10,3,0.803285
2460,5,328.35,169.6,5,10,0.264
2461,0,-146.75,190.4,10,3,0.580054
2462,0,426.15,197.9,10,3,0.852493
2463,0,-142.25,219.7,10,3,0.776556
2464,0,-194.45,219.2,10,3,0.770861
2465,2,294.15,222.7,5,5,0
2466,0,-316.55,223.2,10,3,0.476821
2467,0,-265.45,245.5,10,3,0.381519
2468,0,158.05,254.5,10,3,0.325771
2469,0,-138.35,258.4,10,3,0.844653
2470,0,-191.45,265.9,10,3,0.201071
2471,1,-254.45,284.8,10,1,0
2472,0,166.05,291.2,10,3,0.885951
2473,0,6.15,318,10,3,0.899997
2474,0,-352.25,316,10,3,0.0268232
2475,0,-414.35,332.4,10,3,0.557182
2476,0,-25.15,339.9,10,3,0.0687473
