328.450000000001,148.199999999997,4
-387.950000000001,-46.9000000000087,4
-48.3500000000004,-23.6000000000058,10
199.85,123.399999999994,10
-44.9500000000007,167.599999999991,10
-350.25,-176.000000000007,3
114.950000000001,75.6999999999971,10
-387.450000000001,-305.100000000006,10
341.35,246.499999999993,10
-321.950000000001,-92.1000000000058,4
-265.85,220.199999999997,10
354.75,-316.000000000007,10
-297.15,-209.800000000003,4
-314.950000000001,-91.6000000000058,1
182.950000000001,218.199999999997,10
207.25,312.499999999993,4
365.15,296.099999999991,4
417.75,-217.200000000004,10
63.8500000000004,323.399999999994,8
-245.950000000001,-342.300000000003,10
111.450000000001,63.7999999999956,10
-62.75,-320.500000000007,10
34.5499999999993,133.799999999996,10
382.049999999999,253.399999999994,10
331.450000000001,-77.2000000000044,10
455.049999999999,-204.300000000003,1
108.950000000001,108.499999999993,10
-57.3500000000004,162.599999999991,10
-37.9500000000007,289.199999999997,10
122.85,63.7999999999956,4
395.950000000001,157.099999999991,4
96.0499999999993,276.299999999996,4
376.549999999999,-283.700000000004,4
-178.450000000001,327.899999999994,10
-25.0499999999993,18.5999999999913,10
-40.9500000000007,-78.7000000000044,1
31.5499999999993,107.999999999993,10
438.15,238.599999999991,10
403.85,-286.200000000004,4
-366.15,-154.700000000004,10
-15.1499999999996,-39.0000000000073,10
177.549999999999,312.999999999993,10
432.65,250.999999999993,10
-235.549999999999,9.19999999999709,8
-276.25,186.899999999994,10
110.950000000001,-97.1000000000058,1
-420.25,-284.200000000004,4
138.25,-192.900000000009,10
360.25,327.899999999994,10
391.450000000001,169.999999999993,4
356.25,-183.900000000009,10
332.450000000001,-82.7000000000044,4
236.549999999999,210.699999999997,10
363.65,-48.4000000000087,10
404.85,-138.800000000003,10
-63.75,281.699999999997,10
410.85,135.299999999996,1
267.35,276.299999999996,4
32.0499999999993,139.299999999996,8
389.950000000001,-6.70000000000437,10
325.450000000001,113.899999999994,10
427.75,79.1999999999971,4
399.450000000001,305.599999999991,10
-140.75,-184.900000000009,10
-9.14999999999964,130.299999999996,10
261.450000000001,-144.200000000004,10
410.35,236.099999999991,8
-399.85,-42.0000000000073,1
-260.35,177.499999999993,10
70.25,259.899999999994,10
337.85,-240.500000000007,1
-256.450000000001,-280.800000000003,10
54.8500000000004,-150.700000000004,3
-444.049999999999,-277.800000000003,4
-175.450000000001,214.199999999997,4
210.75,-86.6000000000058,10
92.6499999999996,-142.200000000004,4
94.0499999999993,176.999999999993,3
-56.8500000000004,176.999999999993,10
-91.0499999999993,-132.300000000003,10
255.450000000001,109.499999999993,10
427.25,-164.100000000006,4
389.950000000001,202.799999999996,8
235.049999999999,284.699999999997,10
-71.75,-8.20000000000437,10
-76.1499999999996,5.69999999999709,10
-32.0499999999993,-210.300000000003,10
282.25,258.399999999994,1
-47.3500000000004,-78.2000000000044,10
-274.25,-127.300000000003,10
156.15,-292.200000000004,10
107.549999999999,-110.500000000007,10
-223.65,-318.000000000007,10
-242.549999999999,268.299999999996,4
413.85,9.69999999999709,4
-43.9500000000007,10.1999999999971,10
285.75,268.799999999996,8
11.1499999999996,263.899999999994,10
192.85,140.699999999997,10
17.6499999999996,225.599999999991,10
-35.4500000000007,56.7999999999956,10
184.450000000001,155.599999999991,3
-405.35,-274.300000000003,10
410.85,-290.200000000004,1
248.049999999999,-197.800000000003,10
-463.950000000001,-100.000000000007,3
-15.1499999999996,1.19999999999709,4
100.049999999999,-143.700000000004,10
404.35,51.8999999999942,10
-420.75,-127.800000000003,10
183.950000000001,256.399999999994,10
366.15,-163.600000000006,8
-68.25,205.799999999996,10
193.85,170.999999999993,3
354.75,239.999999999993,10
353.75,-214.200000000004,10
138.75,-248.500000000007,4
-76.6499999999996,20.0999999999913,10
383.549999999999,-237.600000000006,10
-76.1499999999996,46.8999999999942,1
325.950000000001,-138.300000000003,10
59.8500000000004,-74.7000000000044,10
218.25,73.6999999999971,10
-15.1499999999996,26.5999999999913,3
140.25,101.499999999993,1
-23.0499999999993,238.999999999993,10
17.1499999999996,143.699999999997,10
-79.1499999999996,-279.300000000003,10
124.85,233.599999999991,10
-5.14999999999964,216.199999999997,10
-227.15,237.599999999991,10
351.25,-320.000000000007,10
-84.1499999999996,-254.400000000009,10
-1.25,212.699999999997,10
90.1499999999996,123.399999999994,2
-60.8500000000004,22.0999999999913,5
122.85,-171.000000000007,4
14.1499999999996,-207.300000000003,4
200.35,213.199999999997,10
184.450000000001,119.399999999994,3
-184.450000000001,204.299999999996,10
-305.549999999999,-192.400000000009,1
-136.75,42.3999999999942,4
140.75,190.399999999994,1
337.85,-289.700000000004,10
-409.85,-33.0000000000073,10
-23.0499999999993,263.899999999994,10
365.15,178.999999999993,10
-94.0499999999993,-22.6000000000058,10
130.35,-205.300000000003,10
-36.9500000000007,-48.9000000000087,8
99.5499999999993,257.899999999994,10
-7.64999999999964,210.299999999996,1
38.9500000000007,174.499999999993,8
15.6499999999996,291.199999999997,1
353.75,-188.400000000009,3
91.6499999999996,224.199999999997,10
-90.5499999999993,221.199999999997,10
433.65,223.699999999997,8
-178.450000000001,-239.500000000007,10
-450.049999999999,-123.400000000009,10
-2.25,202.799999999996,10
63.3500000000004,215.699999999997,3
435.15,-109.000000000007,4
-47.8500000000004,271.799999999996,10
-46.8500000000004,40.9999999999927,10
-53.3500000000004,-49.9000000000087,10
-197.35,225.099999999991,10
-97.5499999999993,-62.8000000000029,10
-15.6499999999996,42.8999999999942,10
30.5499999999993,149.199999999997,10
441.15,200.299999999996,3
10.6499999999996,256.399999999994,10
-183.950000000001,240.999999999993,8
-71.25,43.3999999999942,4
-181.450000000001,-260.400000000009,3
-3.25,328.399999999994,8
254.950000000001,-183.400000000009,10
-109.950000000001,26.0999999999913,10
-443.549999999999,-125.900000000009,10
339.85,-234.600000000006,10
223.15,66.7999999999956,2
434.65,80.1999999999971,4
225.15,347.799999999996,3
241.049999999999,-242.500000000007,8
-39.9500000000007,-64.3000000000029,10
-52.3500000000004,-203.800000000003,3
199.85,92.5999999999913,10
41.9500000000007,228.599999999991,1
-53.8500000000004,254.399999999994,10
-360.15,91.0999999999913,10
273.35,-134.300000000003,10
351.25,200.799999999996,3
331.450000000001,-90.1000000000058,3
381.049999999999,-19.6000000000058,10
-202.25,15.0999999999913,4
337.85,-24.1000000000058,3
-272.25,295.099999999991,10
380.549999999999,-204.300000000003,10
251.450000000001,102.499999999993,10
-36.9500000000007,299.099999999991,1
383.049999999999,-15.1000000000058,1
-70.25,27.0999999999913,1
-35.4500000000007,46.8999999999942,4
374.15,-42.4000000000087,4
235.549999999999,228.599999999991,1
22.1499999999996,263.399999999994,4
200.85,87.0999999999913,10
256.450000000001,-28.5000000000073,10
-413.75,-32.0000000000073,8
-121.35,199.799999999996,10
-49.8500000000004,-11.7000000000044,10
-97.5499999999993,238.599999999991,8
306.049999999999,101.999999999993,10
362.15,216.699999999997,4
-15.6499999999996,-152.200000000004,10
166.049999999999,98.4999999999927,10
-34.4500000000007,343.299999999996,10
32.0499999999993,-25.1000000000058,1
-93.5499999999993,-118.400000000009,3
-298.15,-98.1000000000058,3
354.75,291.199999999997,10
-183.950000000001,-30.0000000000073,10
223.15,98.9999999999927,10
0.75,119.399999999994,3
-65.25,39.4999999999927,10
59.8500000000004,226.099999999991,10
333.35,244.499999999993,4
264.35,283.699999999997,4
-12.1499999999996,342.799999999996,10
-209.25,207.799999999996,4
-20.5499999999993,221.699999999997,3
243.049999999999,-206.800000000003,10
-180.950000000001,237.099999999991,10
387.049999999999,-211.200000000004,10
-194.85,-45.4000000000087,4
278.75,103.499999999993,1
21.6499999999996,66.2999999999956,3
156.65,-192.900000000009,8
56.3500000000004,136.299999999996,10
-419.25,-26.1000000000058,3
249.950000000001,-294.200000000004,10
417.75,204.799999999996,3
-78.1499999999996,-298.100000000006,1
234.15,275.799999999996,4
-16.6499999999996,269.799999999996,10
-417.75,222.199999999997,10
116.950000000001,339.799999999996,4
-277.75,286.699999999997,10
191.950000000001,174.499999999993,10
-167.549999999999,207.299999999996,10
377.549999999999,213.199999999997,10
144.75,136.299999999996,8
46.9500000000007,186.899999999994,10
265.35,342.799999999996,10
29.5499999999993,-116.400000000009,10
132.85,242.499999999993,10
283.25,107.499999999993,1
-49.8500000000004,283.699999999997,10
-114.450000000001,4.19999999999709,1
-21.0499999999993,207.799999999996,1
-35.4500000000007,-69.8000000000029,4
13.1499999999996,-58.8000000000029,8
-49.3500000000004,31.9999999999927,10
-440.549999999999,-8.20000000000437,1
242.549999999999,292.199999999997,1
385.049999999999,-136.800000000003,3
-313.049999999999,-199.800000000003,10
-76.6499999999996,259.899999999994,3
-29.0499999999993,325.399999999994,10
-412.25,-177.000000000007,3
453.549999999999,80.6999999999971,4
247.549999999999,-312.500000000007,10
316.549999999999,343.299999999996,4
-167.549999999999,-8.20000000000437,3
-446.049999999999,-308.100000000006,8
-11.1499999999996,269.299999999996,10
-79.1499999999996,14.5999999999913,1
-22.5499999999993,-22.1000000000058,1
-0.25,43.3999999999942,10
-143.75,270.799999999996,3
-446.049999999999,98.9999999999927,10
13.1499999999996,287.699999999997,4
257.950000000001,-237.600000000006,10
389.450000000001,335.399999999994,4
-452.549999999999,193.399999999994,4
308.049999999999,189.399999999994,8
-76.1499999999996,-269.300000000003,4
290.65,-331.900000000009,10
29.5499999999993,131.299999999996,1
-82.6499999999996,5.19999999999709,10
221.15,-155.600000000006,1
267.85,-173.500000000007,1
275.85,154.199999999997,4
79.25,312.499999999993,1
-31.0499999999993,198.299999999996,8
103.549999999999,189.399999999994,10
398.450000000001,117.899999999994,4
-61.75,-56.8000000000029,10
-24.5499999999993,145.699999999997,1
-32.5499999999993,-38.5000000000073,4
274.85,-88.6000000000058,10
270.85,268.299999999996,4
366.15,231.099999999991,10
-239.049999999999,158.599999999991,10
30.0499999999993,340.799999999996,10
-11.6499999999996,-110.000000000007,3
185.950000000001,194.399999999994,10
-16.6499999999996,109.499999999993,10
2.75,125.899999999994,10
-124.85,-144.200000000004,10
-405.35,-344.800000000003,10
-47.3500000000004,154.599999999991,10
335.35,209.299999999996,10
56.3500000000004,219.699999999997,1
-140.25,-15.6000000000058,10
60.3500000000004,149.199999999997,10
112.450000000001,243.999999999993,4
-51.3500000000004,7.69999999999709,3
451.049999999999,-133.800000000003,4
454.049999999999,-28.1000000000058,10
136.75,168.099999999991,10
-188.85,210.699999999997,10
321.450000000001,170.499999999993,10
-39.4500000000007,-83.2000000000044,4
184.450000000001,234.099999999991,1
463.950000000001,1.19999999999709,3
-35.4500000000007,22.5999999999913,10
-64.75,-5.20000000000437,10
165.049999999999,288.199999999997,3
24.5499999999993,138.299999999996,8
399.950000000001,-59.3000000000029,4
-224.65,-9.70000000000437,10
341.85,210.299999999996,1
-70.25,22.0999999999913,3
-46.8500000000004,2.69999999999709,4
186.950000000001,48.8999999999942,8
262.450000000001,-342.800000000003,10
36.0499999999993,7.19999999999709,4
383.549999999999,331.399999999994,4
303.15,-151.700000000004,3
-45.9500000000007,244.499999999993,10
97.5499999999993,266.899999999994,1
433.15,144.199999999997,1
321.950000000001,258.399999999994,10
-166.049999999999,-253.400000000009,1
159.15,337.299999999996,8
90.1499999999996,127.299999999996,10
394.950000000001,80.6999999999971,3
107.049999999999,181.499999999993,4
399.450000000001,343.799999999996,10
12.6499999999996,74.6999999999971,10
-19.0499999999993,326.399999999994,3
396.450000000001,264.899999999994,10
354.75,-91.6000000000058,3
8.75,73.1999999999971,1
276.35,-74.2000000000044,1
232.15,-73.2000000000044,10
100.049999999999,233.599999999991,10
322.450000000001,-295.200000000004,10
6.75,78.1999999999971,10
79.25,139.299999999996,4
96.0499999999993,242.999999999993,10
73.75,322.499999999993,10
-118.85,336.399999999994,1
-133.75,-140.300000000003,4
-162.549999999999,305.599999999991,10
366.65,236.099999999991,10
-152.65,218.699999999997,4
-36.9500000000007,269.299999999996,10
-24.5499999999993,25.5999999999913,10
188.950000000001,61.2999999999956,5
359.25,208.799999999996,4
183.450000000001,170.999999999993,10
-310.549999999999,-213.200000000004,10
-74.75,-209.800000000003,4
-162.049999999999,294.699999999997,4
-201.75,320.999999999993,3
-172.049999999999,-62.3000000000029,3
361.15,82.6999999999971,10
387.549999999999,-230.600000000006,3
233.65,-54.9000000000087,10
-328.85,-70.3000000000029,10
15.1499999999996,-316.000000000007,10
393.950000000001,200.799999999996,10
116.450000000001,180.499999999993,4
32.5499999999993,302.599999999991,10
235.549999999999,-339.800000000003,10
-19.0499999999993,336.399999999994,10
216.75,83.1999999999971,2
163.65,307.099999999991,3
10.1499999999996,222.199999999997,8
429.75,-198.300000000003,4
-45.9500000000007,-18.1000000000058,10
445.549999999999,81.6999999999971,2
4.25,242.499999999993,1
410.35,-140.300000000003,8
-439.65,-287.200000000004,3
197.35,140.699999999997,1
318.549999999999,142.699999999997,4
-276.25,234.099999999991,6
212.25,271.299999999996,10
-451.049999999999,-271.800000000003,1
-41.4500000000007,224.199999999997,8
-232.049999999999,-158.600000000006,10
171.049999999999,150.199999999997,3
-270.85,-309.100000000006,3
-359.15,-324.400000000009,10
357.25,-181.500000000007,10
-403.35,-179.500000000007,4
299.15,267.299999999996,10
146.75,145.199999999997,4
-74.75,53.3999999999942,10
-96.0499999999993,267.299999999996,10
-37.9500000000007,220.699999999997,10
-305.549999999999,-101.500000000007,10
-33.4500000000007,221.199999999997,10
179.450000000001,118.899999999994,4
-103.049999999999,-130.800000000003,4
227.65,260.399999999994,10
234.15,-331.900000000009,3
207.25,202.799999999996,4
-215.65,198.799999999996,3
299.15,261.399999999994,10
6.25,-233.600000000006,4
43.4500000000007,-142.700000000004,1
-184.950000000001,-256.400000000009,10
-134.75,-344.300000000003,10
65.3500000000004,329.899999999994,8
289.75,264.899999999994,5
115.950000000001,185.399999999994,3
248.049999999999,345.299999999996,1
157.15,45.3999999999942,10
214.25,275.799999999996,10
328.950000000001,115.899999999994,10
-10.1499999999996,-161.100000000006,3
-94.0499999999993,164.099999999991,4
442.15,-332.400000000009,10
90.1499999999996,277.799999999996,8
43.9500000000007,3.69999999999709,8
-173.950000000001,268.299999999996,1
377.549999999999,-325.400000000009,10
177.049999999999,219.199999999997,10
-400.35,73.6999999999971,10
356.25,-200.300000000003,10
189.450000000001,134.799999999996,10
17.1499999999996,157.099999999991,10
-42.9500000000007,15.5999999999913,2
78.25,145.199999999997,10
309.049999999999,-121.400000000009,4
-436.65,-344.800000000003,4
110.950000000001,342.299999999996,4
-201.35,195.899999999994,4
-306.049999999999,-216.200000000004,1
360.75,322.999999999993,10
264.85,-160.600000000006,10
-132.75,-47.4000000000087,4
274.35,-126.800000000003,10
-72.25,258.399999999994,10
-75.6499999999996,-25.1000000000058,4
460.450000000001,181.499999999993,4
246.549999999999,-96.6000000000058,10
386.549999999999,-20.1000000000058,1
-43.9500000000007,38.9999999999927,10
168.049999999999,332.399999999994,1
-13.6499999999996,307.599999999991,10
168.049999999999,243.999999999993,1
-56.8500000000004,-144.700000000004,10
-81.1499999999996,-15.6000000000058,3
-285.75,-119.400000000009,10
460.950000000001,258.399999999994,10
137.25,50.8999999999942,4
424.25,182.899999999994,10
-161.049999999999,-287.700000000004,3
251.450000000001,221.699999999997,1
336.85,186.399999999994,10
-168.549999999999,197.299999999996,4
177.049999999999,-287.700000000004,10
340.35,-245.500000000007,10
-136.75,250.999999999993,3
170.049999999999,290.199999999997,10
167.549999999999,216.199999999997,3
-168.549999999999,320.999999999993,10
199.85,129.299999999996,10
-166.049999999999,225.099999999991,1
311.549999999999,284.199999999997,1
221.15,-83.2000000000044,4
171.049999999999,319.499999999993,10
326.450000000001,-235.100000000006,3
-325.950000000001,179.999999999993,10
225.15,-130.800000000003,10
-154.15,-98.5000000000073,10
424.75,232.599999999991,10
293.65,190.899999999994,1
-49.8500000000004,-38.5000000000073,3
141.75,55.3999999999942,8
358.25,-5.70000000000437,10
-49.8500000000004,261.899999999994,10
410.35,53.3999999999942,4
145.75,238.999999999993,10
-20.0499999999993,-14.2000000000044,1
-430.65,-345.300000000003,3
163.65,242.999999999993,10
25.0499999999993,347.299999999996,3
229.15,210.299999999996,1
-49.8500000000004,-331.900000000009,10
-123.85,319.499999999993,10
-314.950000000001,-82.2000000000044,10
327.950000000001,219.199999999997,1
255.450000000001,0.69999999999709,10
-25.0499999999993,139.299999999996,4
-188.85,-232.100000000006,10
-118.85,221.699999999997,10
125.35,-176.500000000007,3
-72.75,14.5999999999913,10
-113.950000000001,235.599999999991,10
22.1499999999996,236.599999999991,4
12.6499999999996,13.6999999999971,10
-215.25,273.799999999996,10
148.75,258.899999999994,10
27.5499999999993,145.699999999997,10
63.8500000000004,116.399999999994,10
239.549999999999,122.899999999994,3
170.549999999999,-306.100000000006,4
114.950000000001,269.299999999996,10
298.65,345.299999999996,4
-368.65,-304.600000000006,1
-186.450000000001,18.0999999999913,10
-28.0499999999993,211.699999999997,10
16.1499999999996,263.899999999994,10
-93.0499999999993,-126.400000000009,8
109.450000000001,295.099999999991,1
219.75,-39.5000000000073,4
173.549999999999,172.499999999993,10
-328.35,-172.500000000007,10
-2.25,220.199999999997,10
354.75,-60.8000000000029,8
395.450000000001,-68.3000000000029,10
200.85,305.599999999991,10
335.85,191.399999999994,10
222.65,83.6999999999971,1
168.549999999999,108.499999999993,10
-218.15,295.099999999991,10
238.549999999999,73.1999999999971,8
190.950000000001,45.8999999999942,3
121.450000000001,322.499999999993,4
266.35,220.699999999997,10
367.15,-213.700000000004,10
-90.0499999999993,164.599999999991,10
242.549999999999,85.0999999999913,3
-421.75,171.499999999993,10
410.85,-308.100000000006,10
369.15,-7.70000000000437,10
384.049999999999,-200.300000000003,10
60.3500000000004,99.4999999999927,10
290.65,100.999999999993,10
-203.25,10.6999999999971,10
135.85,116.899999999994,4
24.5499999999993,-303.100000000006,4
114.450000000001,345.799999999996,10
-312.049999999999,-331.900000000009,5
169.049999999999,115.899999999994,10
-278.75,246.999999999993,4
355.75,-218.200000000004,3
257.450000000001,-295.600000000006,10
28.5499999999993,-10.2000000000044,8
238.049999999999,-345.300000000003,10
260.450000000001,-163.600000000006,10
29.5499999999993,-51.4000000000087,10
-269.35,-299.100000000006,8
362.15,-196.400000000009,10
416.85,-76.2000000000044,4
446.049999999999,322.499999999993,10
203.85,91.0999999999913,8
330.950000000001,-302.600000000006,10
92.6499999999996,81.6999999999971,10
422.75,260.399999999994,10
74.25,208.799999999996,3
385.549999999999,277.799999999996,8
-227.15,-301.100000000006,10
368.65,-48.4000000000087,1
104.549999999999,161.099999999991,8
238.549999999999,302.099999999991,4
-209.75,226.099999999991,10
-15.6499999999996,59.7999999999956,4
-6.64999999999964,286.699999999997,10
-12.6499999999996,-276.300000000003,4
-117.35,109.499999999993,10
123.85,-151.200000000004,3
-43.9500000000007,-39.5000000000073,1
308.549999999999,108.499999999993,1
269.35,-132.300000000003,10
90.6499999999996,100.999999999993,8
371.15,185.399999999994,1
-158.15,318.499999999993,4
52.3500000000004,37.9999999999927,10
-54.3500000000004,-21.6000000000058,10
-49.3500000000004,-32.5000000000073,3
-23.0499999999993,258.399999999994,1
242.049999999999,-320.000000000007,10
250.950000000001,226.599999999991,10
287.25,210.699999999997,4
317.549999999999,-43.9000000000087,10
-224.15,253.899999999994,10
-340.85,-63.8000000000029,4
-6.64999999999964,-79.7000000000044,10
224.15,316.999999999993,10
68.75,343.299999999996,10
405.35,332.399999999994,10
-154.15,233.099999999991,3
88.1499999999996,317.499999999993,10
17.6499999999996,202.799999999996,3
413.85,-252.000000000007,4
115.950000000001,322.999999999993,1
-59.3500000000004,51.8999999999942,1
-122.85,273.299999999996,4
414.85,103.999999999993,1
17.1499999999996,-66.8000000000029,10
48.9500000000007,266.899999999994,4
-111.950000000001,-105.500000000007,10
-56.3500000000004,-39.5000000000073,10
333.35,116.399999999994,1
354.25,236.099999999991,8
-43.4500000000007,45.3999999999942,10
62.8500000000004,-135.800000000003,4
-224.15,-182.900000000009,1
-276.25,270.799999999996,10
195.85,268.299999999996,10
-0.25,311.499999999993,4
376.049999999999,166.599999999991,10
344.85,-15.6000000000058,4
-173.049999999999,-251.500000000007,1
-47.3500000000004,249.499999999993,10
360.75,-15.6000000000058,3
-381.549999999999,136.799999999996,4
320.950000000001,4.19999999999709,3
-388.450000000001,67.2999999999956,1
-278.25,-124.400000000009,10
-28.0499999999993,266.399999999994,1
178.450000000001,-314.500000000007,10
442.65,133.299999999996,10
297.65,-333.900000000009,10
236.049999999999,-311.500000000007,10
65.75,-155.100000000006,1
-37.4500000000007,-29.5000000000073,10
458.049999999999,-190.400000000009,10
230.15,-320.500000000007,3
-281.25,165.099999999991,8
-244.950000000001,-155.600000000006,10
-180.450000000001,204.299999999996,10
-0.75,127.799999999996,10
-393.450000000001,-302.600000000006,10
151.65,274.799999999996,10
17.1499999999996,246.999999999993,4
159.15,248.499999999993,8
358.75,-222.700000000004,10
-143.75,325.899999999994,10
235.549999999999,-293.200000000004,4
-107.450000000001,70.1999999999971,3
-456.450000000001,-117.900000000009,10
9.25,321.499999999993,1
459.049999999999,-272.300000000003,3
-225.15,210.699999999997,1
268.85,3.19999999999709,4
-448.049999999999,-3.20000000000437,4
-60.3500000000004,30.9999999999927,1
-63.25,190.399999999994,10
333.85,214.699999999997,10
-227.65,229.599999999991,10
-10.6499999999996,242.999999999993,10
310.049999999999,95.0999999999913,10
-189.85,241.999999999993,4
408.35,-294.700000000004,10
139.25,-206.300000000003,10
214.75,175.999999999993,10
107.950000000001,333.899999999994,10
433.15,-333.900000000009,10
-411.35,-42.0000000000073,10
387.049999999999,-311.000000000007,1
138.25,-261.400000000009,10
307.049999999999,325.899999999994,1
-328.85,-325.400000000009,4
-271.75,-118.900000000009,10
-161.549999999999,242.499999999993,10
237.549999999999,291.199999999997,1
-144.25,248.999999999993,1
428.75,-193.900000000009,1
131.35,116.399999999994,8
63.3500000000004,-125.900000000009,3
-364.15,-58.3000000000029,3
363.65,-53.4000000000087,10
-22.5499999999993,66.2999999999956,4
-35.9500000000007,-24.1000000000058,10
245.549999999999,-301.100000000006,10
56.8500000000004,233.599999999991,10
-243.950000000001,173.499999999993,10
356.75,-175.500000000007,1
24.5499999999993,320.499999999993,5
-213.75,223.699999999997,10
343.35,123.899999999994,10
203.85,276.799999999996,1
-180.450000000001,-168.100000000006,4
-82.6499999999996,304.099999999991,10
-6.14999999999964,299.599999999991,10
385.049999999999,119.899999999994,10
-92.5499999999993,105.999999999993,10
201.85,110.999999999993,10
-42.9500000000007,237.099999999991,10
-39.9500000000007,-6.70000000000437,10
259.450000000001,169.499999999993,1
50.9500000000007,251.499999999993,10
-456.950000000001,-128.300000000003,10
175.549999999999,97.0999999999913,10
363.65,134.299999999996,3
-13.1499999999996,131.299999999996,10
277.25,-31.0000000000073,1
440.65,-345.800000000003,3
-49.3500000000004,277.799999999996,10
36.0499999999993,-114.400000000009,4
-135.25,231.099999999991,3
109.450000000001,187.899999999994,1
-255.950000000001,-35.5000000000073,4
278.25,-162.600000000006,10
261.950000000001,-170.500000000007,10
-96.0499999999993,344.299999999996,10
-308.549999999999,31.4999999999927,10
104.549999999999,197.799999999996,10
62.3500000000004,17.5999999999913,1
443.65,18.5999999999913,1
73.75,196.399999999994,10
95.5499999999993,289.199999999997,1
371.15,-200.800000000003,10
110.450000000001,74.1999999999971,10
1.25,-231.100000000006,1
-348.75,-289.700000000004,10
-62.75,-190.900000000009,1
239.049999999999,-257.400000000009,1
-412.25,203.299999999996,8
-57.3500000000004,-45.4000000000087,3
143.25,323.899999999994,4
269.85,201.299999999996,3
394.450000000001,-313.500000000007,4
-228.15,-42.0000000000073,3
-196.35,158.599999999991,4
-34.4500000000007,-279.300000000003,3
359.25,-53.9000000000087,10
-91.5499999999993,240.499999999993,10
-444.549999999999,-5.20000000000437,3
421.75,155.599999999991,3
459.450000000001,-199.300000000003,10
-77.6499999999996,-117.400000000009,10
441.65,234.599999999991,4
248.950000000001,-216.200000000004,4
-174.450000000001,205.299999999996,10
415.85,-233.100000000006,3
-10.1499999999996,55.8999999999942,4
-110.450000000001,116.399999999994,3
11.6499999999996,227.599999999991,4
447.049999999999,-6.20000000000437,10
-404.85,-308.600000000006,10
106.049999999999,218.199999999997,10
-281.25,-248.000000000007,10
-71.25,-25.6000000000058,3
44.9500000000007,10.1999999999971,10
46.4500000000007,39.9999999999927,10
179.450000000001,186.399999999994,10
-176.950000000001,337.799999999996,3
-31.5499999999993,49.8999999999942,10
-174.450000000001,229.099999999991,10
-218.65,169.999999999993,1
-39.9500000000007,-39.5000000000073,5
12.1499999999996,-231.100000000006,1
-73.75,29.9999999999927,10
-143.75,316.999999999993,10
21.1499999999996,-310.000000000007,4
291.65,-136.300000000003,1
-276.25,-343.300000000003,1
70.25,283.199999999997,3
13.1499999999996,-178.500000000007,4
-137.25,241.999999999993,10
-285.25,-232.100000000006,8
314.049999999999,337.799999999996,4
-228.15,154.199999999997,10
319.950000000001,-37.5000000000073,10
-108.450000000001,246.999999999993,10
272.35,109.499999999993,8
-138.75,-0.200000000004366,10
-123.85,190.399999999994,3
399.950000000001,-291.200000000004,4
61.3500000000004,233.599999999991,10
382.049999999999,2.19999999999709,10
-379.549999999999,-149.700000000004,10
-267.35,-247.000000000007,3
298.15,97.0999999999913,1
-61.25,-40.5000000000073,4
-149.65,234.099999999991,10
47.4500000000007,24.0999999999913,10
-42.9500000000007,216.699999999997,3
51.8500000000004,-56.8000000000029,10
-13.6499999999996,34.4999999999927,10
437.15,-195.400000000009,10
-184.450000000001,234.099999999991,10
-11.6499999999996,13.6999999999971,4
282.25,177.999999999993,10
231.15,-314.000000000007,10
-313.950000000001,-10.2000000000044,10
-157.15,268.299999999996,10
-156.65,123.399999999994,10
-362.65,-157.100000000006,10
89.1499999999996,131.799999999996,10
327.450000000001,-252.000000000007,10
-160.049999999999,-270.300000000003,4
309.049999999999,347.299999999996,3
172.049999999999,39.4999999999927,10
-32.0499999999993,-27.6000000000058,3
303.15,87.5999999999913,4
308.049999999999,-265.400000000009,10
461.450000000001,-131.800000000003,10
-128.35,-75.7000000000044,10
369.65,24.5999999999913,10
423.25,71.1999999999971,10
-158.15,345.799999999996,10
313.049999999999,143.699999999997,10
-267.35,226.599999999991,10
462.950000000001,-210.300000000003,10
312.549999999999,31.4999999999927,4
163.65,291.699999999997,10
339.85,-19.1000000000058,10
-261.35,-336.400000000009,10
303.15,201.299999999996,10
-342.25,-71.2000000000044,10
414.85,135.799999999996,10
-77.1499999999996,347.299999999996,10
48.9500000000007,151.699999999997,10
454.549999999999,-277.800000000003,3
-32.0499999999993,-12.7000000000044,1
-323.450000000001,-87.6000000000058,4
-26.5499999999993,-66.3000000000029,10
-69.75,-38.5000000000073,10
81.1499999999996,-153.200000000004,10
144.25,-192.400000000009,4
284.25,-263.900000000009,10
168.049999999999,-255.400000000009,10
58.8500000000004,120.899999999994,6
415.35,129.799999999996,1
136.75,225.599999999991,10
-13.1499999999996,-283.700000000004,10
132.35,192.899999999994,10
321.450000000001,-243.000000000007,10
-87.1499999999996,90.5999999999913,10
331.950000000001,-140.700000000004,10
-221.15,205.299999999996,10
-12.6499999999996,-43.9000000000087,4
331.950000000001,-289.200000000004,10
3.25,-325.400000000009,10
37.9500000000007,-63.3000000000029,3
-32.0499999999993,-61.8000000000029,8
-280.75,273.299999999996,10
130.35,225.099999999991,10
-153.65,247.999999999993,10
199.35,243.999999999993,8
-246.950000000001,-39.0000000000073,8
282.25,-47.4000000000087,1
221.65,256.899999999994,10
161.65,104.499999999993,10
43.4500000000007,99.9999999999927,10
-451.049999999999,8.19999999999709,8
-170.049999999999,211.199999999997,4
273.85,-77.7000000000044,10
-391.950000000001,-143.200000000004,10
-30.0499999999993,-1.70000000000437,1
-32.5499999999993,40.9999999999927,10
243.049999999999,-275.800000000003,10
382.549999999999,-314.500000000007,10
232.65,-286.700000000004,1
306.549999999999,112.899999999994,10
343.35,306.099999999991,10
132.85,62.2999999999956,10
-180.950000000001,223.699999999997,3
305.049999999999,97.0999999999913,1
123.85,177.499999999993,10
429.25,-324.900000000009,4
276.35,96.0999999999913,10
-59.8500000000004,-20.6000000000058,1
286.75,195.399999999994,4
-23.0499999999993,-209.300000000003,10
73.25,98.9999999999927,8
226.15,-99.5000000000073,10
231.15,126.399999999994,2
-178.450000000001,211.699999999997,1
353.25,274.299999999996,10
-31.0499999999993,-81.7000000000044,10
-463.950000000001,-178.000000000007,3
178.950000000001,162.099999999991,10
20.1499999999996,141.199999999997,10
-427.15,-7.20000000000437,10
-407.85,-138.300000000003,4
-93.0499999999993,214.199999999997,10
230.65,-67.3000000000029,10
-403.85,-172.000000000007,10
11.6499999999996,24.0999999999913,3
233.65,-244.500000000007,10
298.15,238.999999999993,10
50.9500000000007,137.299999999996,10
312.049999999999,118.399999999994,1
-368.65,-65.3000000000029,4
142.75,-252.500000000007,4
-96.0499999999993,307.099999999991,10
-153.65,288.199999999997,10
-215.25,342.299999999996,4
-292.15,-228.600000000006,4
-22.0499999999993,-6.70000000000437,10
266.85,100.999999999993,1
54.3500000000004,101.499999999993,10
360.75,332.399999999994,10
-55.3500000000004,262.899999999994,10
-330.35,-81.2000000000044,10
-269.85,-140.300000000003,10
-56.8500000000004,-7.20000000000437,3
151.65,279.799999999996,10
240.549999999999,94.5999999999913,10
-71.25,316.999999999993,6
-40.4500000000007,167.099999999991,10
8.25,35.4999999999927,8
-203.25,75.6999999999971,10
313.549999999999,-127.800000000003,4
-83.1499999999996,69.7999999999956,8
185.950000000001,221.199999999997,4
-59.8500000000004,242.499999999993,10
289.25,-142.700000000004,3
-308.549999999999,187.899999999994,10
-66.75,200.299999999996,8
21.6499999999996,72.1999999999971,10
52.8500000000004,255.399999999994,1
313.049999999999,-266.400000000009,10
459.950000000001,291.699999999997,4
391.950000000001,48.3999999999942,3
372.65,264.399999999994,6
-49.3500000000004,-17.6000000000058,4
321.450000000001,-90.6000000000058,5
257.950000000001,-243.500000000007,10
414.35,151.699999999997,3
63.3500000000004,318.999999999993,1
-56.8500000000004,-314.000000000007,10
381.049999999999,8.69999999999709,4
34.5499999999993,197.299999999996,10
-210.25,238.599999999991,6
-127.85,206.799999999996,4
68.75,-16.6000000000058,3
304.549999999999,278.299999999996,4
11.1499999999996,142.199999999997,10
357.75,157.099999999991,10
-74.25,-200.800000000003,10
2.75,131.799999999996,10
315.049999999999,-294.200000000004,10
-27.5499999999993,-38.0000000000073,1
310.049999999999,114.399999999994,10
126.85,199.799999999996,10
-398.35,-336.900000000009,10
-62.25,257.899999999994,10
-408.85,196.399999999994,4
103.549999999999,-120.400000000009,1
282.75,-188.900000000009,10
-63.75,-47.4000000000087,10
-388.950000000001,-191.900000000009,3
-55.8500000000004,-85.6000000000058,10
-82.1499999999996,174.499999999993,10
425.25,227.099999999991,10
139.75,286.699999999997,8
233.15,312.499999999993,10
230.15,292.699999999997,10
-316.950000000001,-309.100000000006,4
5.25,215.199999999997,10
274.35,342.799999999996,1
31.0499999999993,193.399999999994,4
123.35,117.899999999994,4
-64.75,45.8999999999942,10
288.75,239.499999999993,10
358.75,-301.100000000006,10
216.75,286.699999999997,10
186.450000000001,198.799999999996,3
320.950000000001,-300.100000000006,10
435.65,-103.000000000007,1
32.5499999999993,290.699999999997,10
366.65,-155.100000000006,10
268.35,-287.200000000004,10
383.049999999999,-213.700000000004,10
350.25,-174.000000000007,10
-20.0499999999993,14.5999999999913,10
-194.85,14.0999999999913,3
367.65,-304.100000000006,4
176.049999999999,271.299999999996,1
-411.35,189.899999999994,1
318.549999999999,-123.400000000009,10
-55.3500000000004,-61.3000000000029,10
-117.85,327.399999999994,8
-69.25,-14.2000000000044,1
-238.049999999999,-25.1000000000058,4
-13.6499999999996,-84.6000000000058,10
56.3500000000004,141.699999999997,10
380.549999999999,277.799999999996,3
-294.65,-339.800000000003,10
-347.75,-167.600000000006,10
141.75,253.899999999994,10
-103.950000000001,-104.500000000007,4
-248.950000000001,-62.3000000000029,10
97.5499999999993,228.099999999991,10
365.65,341.799999999996,4
424.25,252.499999999993,10
321.450000000001,110.499999999993,4
-6.64999999999964,-105.000000000007,8
-31.5499999999993,4.69999999999709,1
157.15,215.699999999997,3
161.15,-217.700000000004,4
-256.950000000001,218.699999999997,10
14.6499999999996,-320.000000000007,4
0.25,319.999999999993,8
-335.85,-176.500000000007,10
278.25,253.399999999994,1
-409.85,156.099999999991,10
60.3500000000004,3.19999999999709,4
440.65,-206.800000000003,10
80.6499999999996,89.5999999999913,10
100.049999999999,176.999999999993,10
193.85,66.2999999999956,4
-3.75,48.3999999999942,10
-27.0499999999993,180.499999999993,10
259.950000000001,285.699999999997,10
-154.65,241.499999999993,4
-66.75,19.5999999999913,4
22.6499999999996,58.2999999999956,10
-266.85,328.399999999994,10
147.75,218.699999999997,10
-146.65,136.299999999996,3
320.450000000001,240.999999999993,10
-237.049999999999,-63.3000000000029,10
-199.35,327.899999999994,10
374.15,-64.3000000000029,10
60.8500000000004,221.699999999997,10
-157.15,275.299999999996,10
348.25,-323.400000000009,10
189.450000000001,215.199999999997,10
191.450000000001,98.0999999999913,10
-343.75,-288.200000000004,4
333.35,232.599999999991,1
-62.25,-284.700000000004,10
-438.15,-117.900000000009,1
346.75,3.19999999999709,1
-162.549999999999,315.999999999993,10
352.75,-328.400000000009,10
243.049999999999,-251.500000000007,10
-114.950000000001,58.2999999999956,10
217.25,204.799999999996,10
247.049999999999,220.199999999997,10
-359.65,-51.4000000000087,10
429.75,119.399999999994,10
323.450000000001,-33.0000000000073,10
0.75,226.599999999991,10
415.35,59.7999999999956,10
215.75,250.499999999993,10
-215.65,-24.6000000000058,3
83.6499999999996,-58.3000000000029,10
352.25,-238.600000000006,8
287.75,159.599999999991,10
246.049999999999,332.899999999994,10
49.9500000000007,7.69999999999709,3
349.75,-61.8000000000029,10
-17.1499999999996,-293.700000000004,4
196.35,279.799999999996,10
395.450000000001,-240.000000000007,10
150.65,-248.000000000007,10
-248.450000000001,-279.800000000003,10
454.049999999999,202.799999999996,10
236.049999999999,-273.300000000003,10
-277.25,-107.000000000007,4
-151.65,-273.300000000003,10
-17.1499999999996,-5.70000000000437,10
-23.0499999999993,52.3999999999942,10
87.6499999999996,78.1999999999971,4
-393.450000000001,-153.200000000004,10
-242.049999999999,227.599999999991,3
-374.049999999999,-303.600000000006,10
31.5499999999993,334.399999999994,1
50.9500000000007,-138.300000000003,1
-151.15,17.0999999999913,4
335.85,121.899999999994,3
-4.25,224.199999999997,10
107.549999999999,141.699999999997,10
61.8500000000004,346.299999999996,10
-389.950000000001,-181.500000000007,10
-92.0499999999993,265.899999999994,10
339.35,127.799999999996,3
225.15,253.399999999994,3
278.75,218.699999999997,4
-18.6499999999996,-18.1000000000058,10
9.25,237.099999999991,3
298.65,-105.000000000007,3
-323.450000000001,-337.400000000009,4
415.35,-320.500000000007,10
-199.85,243.499999999993,3
285.75,-42.4000000000087,3
-238.549999999999,242.499999999993,4
-435.65,-263.900000000009,3
-181.450000000001,346.799999999996,10
192.85,126.399999999994,10
67.25,337.299999999996,10
283.25,218.699999999997,10
236.049999999999,-321.000000000007,10
318.950000000001,337.799999999996,10
-215.25,287.699999999997,10
231.65,147.199999999997,1
-80.1499999999996,191.399999999994,1
-50.3500000000004,-87.6000000000058,10
298.65,253.899999999994,1
-210.75,-325.400000000009,8
-122.85,326.899999999994,10
281.25,246.499999999993,10
-45.4500000000007,-48.4000000000087,10
177.049999999999,252.899999999994,10
286.25,-114.900000000009,1
175.049999999999,168.099999999991,10
-213.75,338.799999999996,10
108.950000000001,204.799999999996,4
-419.25,-342.300000000003,1
254.950000000001,-347.800000000003,3
334.35,73.1999999999971,10
-117.85,241.499999999993,4
363.15,-314.000000000007,10
-151.65,291.199999999997,4
-11.6499999999996,109.499999999993,10
-161.549999999999,144.699999999997,10
313.549999999999,332.899999999994,10
-77.6499999999996,-308.600000000006,8
-67.25,-35.5000000000073,10
206.25,249.499999999993,10
-54.3500000000004,19.0999999999913,3
-21.5499999999993,29.9999999999927,10
-191.85,-243.500000000007,10
365.65,103.499999999993,3
430.25,279.299999999996,10
419.75,-323.000000000007,4
131.85,-228.600000000006,4
156.15,302.099999999991,8
-378.549999999999,-279.300000000003,10
187.450000000001,346.299999999996,10
14.6499999999996,147.699999999997,4
274.35,101.499999999993,10
316.549999999999,98.9999999999927,1
26.5499999999993,333.899999999994,4
-109.450000000001,256.399999999994,10
-210.75,252.499999999993,10
-216.65,209.799999999996,10
69.25,233.599999999991,10
150.65,221.199999999997,5
384.049999999999,312.999999999993,10
128.35,156.599999999991,3
411.35,24.0999999999913,10
259.450000000001,217.199999999997,10
333.35,-310.500000000007,4
205.35,-85.6000000000058,10
463.950000000001,94.0999999999913,3
203.85,267.299999999996,4
5.25,300.099999999991,10
361.15,269.299999999996,1
269.35,262.399999999994,10
358.25,2.19999999999709,4
-454.049999999999,9.69999999999709,4
292.15,232.099999999991,10
-61.25,166.599999999991,3
261.450000000001,-295.600000000006,10
-43.9500000000007,-328.900000000009,10
63.3500000000004,-72.2000000000044,10
289.25,-103.000000000007,10
-68.75,31.9999999999927,1
111.950000000001,236.599999999991,1
-314.450000000001,-325.400000000009,4
80.6499999999996,331.399999999994,10
262.450000000001,142.699999999997,1
349.75,-2.20000000000437,1
-4.25,-300.100000000006,4
451.549999999999,29.4999999999927,8
-78.1499999999996,30.4999999999927,10
238.049999999999,254.399999999994,4
-49.3500000000004,-107.000000000007,10
341.85,-5.70000000000437,10
299.65,-327.400000000009,10
-293.15,171.499999999993,10
76.75,92.0999999999913,10
-88.1499999999996,255.399999999994,4
-98.5499999999993,199.299999999996,10
329.950000000001,-46.9000000000087,10
-160.549999999999,279.299999999996,10
-360.15,20.5999999999913,10
-55.3500000000004,244.999999999993,10
245.549999999999,81.1999999999971,10
225.65,245.499999999993,10
315.549999999999,-131.800000000003,10
279.25,-237.600000000006,3
-339.85,-183.400000000009,10
-243.549999999999,-138.800000000003,3
-319.950000000001,-347.300000000003,3
-268.35,-233.600000000006,4
81.1499999999996,170.499999999993,10
61.3500000000004,-5.70000000000437,10
322.450000000001,196.799999999996,8
33.0499999999993,-345.800000000003,10
16.1499999999996,230.599999999991,10
235.049999999999,-316.500000000007,10
11.6499999999996,-276.800000000003,4
-207.25,210.299999999996,10
90.1499999999996,182.499999999993,10
-38.4500000000007,-33.5000000000073,3
37.9500000000007,46.8999999999942,10
346.35,-206.300000000003,10
324.450000000001,98.0999999999913,10
211.75,-72.7000000000044,10
-42.9500000000007,153.699999999997,10
47.9500000000007,12.6999999999971,8
-361.65,0.19999999999709,10
-457.950000000001,-306.600000000006,4
154.65,239.499999999993,10
-190.35,199.799999999996,10
218.25,66.7999999999956,10
-147.65,-106.000000000007,4
-421.25,-311.500000000007,10
245.549999999999,91.0999999999913,4
-178.950000000001,-248.500000000007,1
45.9500000000007,258.899999999994,10
174.549999999999,153.199999999997,8
-19.5499999999993,-103.500000000007,10
267.85,-342.300000000003,4
198.85,236.099999999991,10
-56.3500000000004,-12.2000000000044,8
-383.049999999999,-302.100000000006,4
236.549999999999,306.599999999991,4
-61.75,-282.200000000004,10
-26.0499999999993,-58.8000000000029,10
212.75,170.499999999993,10
81.1499999999996,327.399999999994,10
-154.65,30.4999999999927,8
37.9500000000007,128.299999999996,3
73.25,329.399999999994,3
239.049999999999,-261.900000000009,10
-67.25,-21.1000000000058,10
-238.049999999999,-293.700000000004,10
-59.8500000000004,249.999999999993,4
-203.25,236.099999999991,10
413.85,56.7999999999956,4
61.3500000000004,93.5999999999913,3
5.25,-241.500000000007,10
384.049999999999,-257.900000000009,3
-35.4500000000007,-42.9000000000087,3
-413.25,-267.800000000003,10
-309.549999999999,-88.1000000000058,6
393.450000000001,44.8999999999942,10
-166.549999999999,122.399999999994,8
70.75,201.299999999996,1
-41.4500000000007,280.299999999996,3
429.75,-211.700000000004,10
450.049999999999,86.5999999999913,5
-269.35,338.299999999996,10
-104.450000000001,75.6999999999971,10
-240.049999999999,-281.700000000004,10
419.25,-187.400000000009,10
171.049999999999,157.099999999991,10
317.549999999999,-151.700000000004,4
79.25,-6.20000000000437,2
53.8500000000004,-160.600000000006,10
328.950000000001,172.499999999993,10
337.35,252.499999999993,1
226.15,310.999999999993,10
-60.8500000000004,-107.000000000007,10
-32.5499999999993,70.1999999999971,1
-24.0499999999993,57.7999999999956,1
-398.35,-28.5000000000073,4
-413.75,-151.200000000004,10
74.25,164.599999999991,10
69.75,324.899999999994,1
-41.4500000000007,48.8999999999942,10
45.9500000000007,180.999999999993,3
362.65,155.599999999991,10
270.85,173.999999999993,10
206.25,343.299999999996,10
-243.950000000001,-166.600000000006,1
36.5499999999993,-218.200000000004,4
-229.15,-308.600000000006,3
374.65,11.6999999999971,10
378.049999999999,-200.300000000003,10
-444.049999999999,-135.800000000003,10
446.549999999999,-186.900000000009,10
434.65,-309.500000000007,3
209.25,173.999999999993,10
295.15,-327.400000000009,10
396.450000000001,-249.000000000007,10
463.450000000001,-276.300000000003,8
-207.25,227.099999999991,10
197.35,83.6999999999971,10
-357.65,-160.100000000006,10
144.25,273.299999999996,4
386.549999999999,-235.600000000006,10
28.5499999999993,238.599999999991,10
-40.4500000000007,66.2999999999956,4
91.1499999999996,251.999999999993,3
338.85,307.099999999991,10
-417.75,-175.000000000007,3
341.35,-339.300000000003,10
-278.75,-112.500000000007,10
-462.950000000001,57.2999999999956,3
433.15,174.499999999993,10
-67.75,248.499999999993,10
463.450000000001,-57.8000000000029,10
-65.25,-131.800000000003,10
359.25,-214.200000000004,10
-443.549999999999,-330.400000000009,10
-291.65,-103.500000000007,10
-150.65,213.199999999997,10
-46.4500000000007,52.3999999999942,10
-370.549999999999,-160.600000000006,10
269.35,255.399999999994,3
-407.85,159.599999999991,4
15.6499999999996,69.2999999999956,4
133.35,214.199999999997,4
275.85,175.999999999993,3
-153.15,-221.200000000004,10
-368.65,-57.3000000000029,10
-233.549999999999,262.399999999994,10
238.049999999999,-269.300000000003,3
-236.549999999999,220.699999999997,10
2.75,234.099999999991,5
-70.75,164.099999999991,10
45.4500000000007,137.299999999996,10
-13.1499999999996,51.8999999999942,10
-144.75,115.899999999994,10
343.35,-33.0000000000073,10
-253.450000000001,214.199999999997,10
-289.65,-330.400000000009,10
-261.85,163.099999999991,3
-363.65,-315.000000000007,10
190.450000000001,144.699999999997,10
180.950000000001,247.499999999993,10
6.75,144.199999999997,10
243.049999999999,-238.600000000006,10
401.450000000001,-306.100000000006,10
12.6499999999996,168.999999999993,3
387.049999999999,-36.0000000000073,10
349.25,-241.000000000007,4
331.950000000001,345.299999999996,3
365.15,347.799999999996,3
-164.049999999999,301.599999999991,4
-37.9500000000007,-55.4000000000087,10
-9.64999999999964,34.9999999999927,1
75.75,158.099999999991,10
-237.549999999999,217.199999999997,10
-260.35,-311.000000000007,10
-4.64999999999964,143.199999999997,2
-28.5499999999993,-31.5000000000073,8
4.75,280.799999999996,10
447.049999999999,133.299999999996,10
271.85,-299.600000000006,3
-5.14999999999964,119.899999999994,10
103.549999999999,111.999999999993,8
459.450000000001,-162.100000000006,10
-213.75,228.599999999991,10
235.049999999999,239.999999999993,10
51.8500000000004,183.399999999994,10
239.049999999999,-278.800000000003,10
-17.1499999999996,322.499999999993,10
-426.65,-324.400000000009,10
148.75,-197.300000000003,10
-9.14999999999964,154.199999999997,3
306.049999999999,266.399999999994,1
-366.65,-148.700000000004,10
394.950000000001,-139.800000000003,1
263.35,117.399999999994,1
-16.6499999999996,54.3999999999942,10
-332.35,-323.900000000009,10
-58.8500000000004,187.399999999994,10
456.049999999999,-297.600000000006,10
133.35,-219.700000000004,10
36.5499999999993,303.099999999991,10
-331.35,183.399999999994,1
-19.5499999999993,9.19999999999709,4
-138.25,211.199999999997,10
-285.25,163.099999999991,10
269.85,94.0999999999913,10
18.1499999999996,-322.000000000007,3
-80.6499999999996,-123.900000000009,8
-291.65,-215.200000000004,4
-281.25,-236.600000000006,10
-23.5499999999993,-50.9000000000087,4
213.25,-68.3000000000029,10
188.950000000001,308.599999999991,1
264.35,-52.4000000000087,10
-25.5499999999993,298.599999999991,10
-53.3500000000004,40.4999999999927,10
47.9500000000007,-58.8000000000029,10
296.65,-85.6000000000058,10
277.25,263.899999999994,3
451.549999999999,-287.200000000004,10
-32.0499999999993,30.4999999999927,4
-23.5499999999993,106.499999999993,3
-17.1499999999996,143.699999999997,3
-169.049999999999,-74.2000000000044,4
287.25,-135.800000000003,10
94.5499999999993,316.999999999993,4
-6.64999999999964,-175.500000000007,10
458.049999999999,205.799999999996,1
-188.85,273.799999999996,10
347.75,-17.6000000000058,10
-297.65,171.499999999993,3
-418.25,-137.300000000003,8
264.85,231.099999999991,3
-458.950000000001,-257.900000000009,4
125.35,-163.600000000006,10
-142.75,-322.500000000007,3
-118.35,94.0999999999913,10
-146.65,18.5999999999913,4
149.25,-254.400000000009,4
378.549999999999,-33.5000000000073,10
-25.5499999999993,342.299999999996,3
-130.35,-144.700000000004,10
361.15,196.399999999994,10
334.85,-88.1000000000058,10
-61.25,4.69999999999709,10
-49.8500000000004,-44.9000000000087,8
432.65,244.999999999993,10
32.0499999999993,124.399999999994,8
389.950000000001,-245.500000000007,4
111.450000000001,69.7999999999956,10
80.1499999999996,320.499999999993,1
-80.6499999999996,19.0999999999913,10
-347.25,-318.500000000007,10
163.65,108.499999999993,10
27.0499999999993,59.2999999999956,4
-447.549999999999,-291.700000000004,10
94.5499999999993,94.0999999999913,10
-31.0499999999993,19.0999999999913,4
-21.5499999999993,42.3999999999942,10
-20.5499999999993,22.0999999999913,10
404.35,-64.8000000000029,1
-217.65,238.099999999991,10
-344.25,-171.500000000007,1
119.950000000001,295.099999999991,10
-417.25,-264.400000000009,10
-206.25,143.199999999997,3
34.5499999999993,236.099999999991,10
181.450000000001,148.199999999997,8
-256.950000000001,-142.200000000004,10
-83.1499999999996,-1.70000000000437,1
332.85,125.899999999994,10
342.85,-231.600000000006,3
206.75,68.2999999999956,3
-173.049999999999,322.499999999993,10
-458.450000000001,10.6999999999971,10
40.9500000000007,72.6999999999971,10
-68.75,-75.7000000000044,3
188.950000000001,276.299999999996,3
-21.0499999999993,-46.4000000000087,10
173.049999999999,235.099999999991,10
-103.049999999999,299.099999999991,8
358.25,36.9999999999927,10
19.1499999999996,76.6999999999971,4
381.549999999999,207.299999999996,4
-32.9500000000007,35.9999999999927,1
-19.5499999999993,340.299999999996,10
-119.35,193.399999999994,3
74.75,-19.1000000000058,10
-419.25,-149.200000000004,10
37.9500000000007,165.599999999991,4
206.75,-71.2000000000044,10
318.950000000001,186.399999999994,10
254.450000000001,98.0999999999913,10
332.450000000001,236.599999999991,10
384.549999999999,-242.000000000007,10
-296.65,-116.400000000009,3
-348.75,-57.8000000000029,10
441.65,71.6999999999971,10
95.5499999999993,103.999999999993,4
29.0499999999993,211.199999999997,10
63.8500000000004,-81.7000000000044,10
48.4500000000007,199.299999999996,1
79.25,108.999999999993,8
436.65,-225.100000000006,10
2.75,-111.500000000007,10
324.450000000001,130.799999999996,10
449.549999999999,75.6999999999971,4
178.049999999999,341.799999999996,4
-43.9500000000007,191.899999999994,10
13.1499999999996,234.099999999991,10
-300.549999999999,-105.500000000007,3
-36.4500000000007,-19.1000000000058,10
136.75,321.499999999993,3
194.35,132.299999999996,10
443.65,88.0999999999913,3
432.65,238.999999999993,6
246.549999999999,-210.800000000003,10
-262.85,-253.900000000009,3
63.3500000000004,209.799999999996,10
-423.75,-278.800000000003,10
85.6499999999996,123.899999999994,4
-255.950000000001,264.899999999994,10
307.549999999999,-156.100000000006,3
359.75,-92.6000000000058,1
-32.9500000000007,216.199999999997,10
295.65,279.299999999996,10
-11.1499999999996,39.9999999999927,10
318.049999999999,-129.300000000003,10
7.75,342.799999999996,10
-195.85,198.799999999996,10
298.15,-94.6000000000058,1
7.75,175.499999999993,10
-151.15,227.099999999991,10
-98.0499999999993,-52.9000000000087,8
67.25,237.599999999991,1
-256.950000000001,275.299999999996,3
-166.049999999999,-271.300000000003,8
17.1499999999996,78.1999999999971,10
-185.450000000001,276.799999999996,8
273.35,129.799999999996,10
378.549999999999,-220.700000000004,1
-210.75,161.099999999991,10
406.85,296.099999999991,10
16.6499999999996,82.1999999999971,4
270.35,223.199999999997,10
-257.85,-149.200000000004,8
-65.25,14.0999999999913,10
-73.25,-291.200000000004,10
0.75,-207.800000000003,10
278.25,224.199999999997,4
-390.450000000001,-291.700000000004,1
-92.0499999999993,-53.9000000000087,10
195.35,-75.2000000000044,10
265.85,266.899999999994,4
129.35,212.199999999997,10
221.65,206.299999999996,4
-1.75,229.099999999991,10
113.450000000001,305.099999999991,10
188.950000000001,187.899999999994,4
20.1499999999996,326.899999999994,10
160.15,273.799999999996,10
417.75,-247.500000000007,10
395.950000000001,-338.300000000003,10
130.85,-188.900000000009,10
189.950000000001,78.6999999999971,1
-391.450000000001,-333.400000000009,3
-56.3500000000004,-34.0000000000073,1
12.6499999999996,-261.400000000009,10
-1.75,-72.2000000000044,10
-42.4500000000007,-24.6000000000058,2
416.85,238.099999999991,10
-24.0499999999993,-101.500000000007,3
192.85,275.799999999996,10
-51.3500000000004,63.7999999999956,1
380.549999999999,-226.100000000006,10
407.35,-247.500000000007,10
-68.25,-1.70000000000437,3
204.35,-90.6000000000058,10
232.15,-281.200000000004,10
433.15,185.399999999994,10
400.450000000001,-3.20000000000437,4
351.25,-233.600000000006,10
-156.65,-242.000000000007,4
-43.9500000000007,-10.2000000000044,1
151.65,260.899999999994,10
-229.549999999999,210.299999999996,10
264.35,190.399999999994,10
38.4500000000007,243.499999999993,10
78.25,292.699999999997,4
387.049999999999,98.9999999999927,3
305.049999999999,-259.900000000009,10
437.65,-1.70000000000437,10
-48.3500000000004,15.0999999999913,10
31.0499999999993,282.699999999997,3
-171.549999999999,290.699999999997,10
-0.75,283.699999999997,10
325.950000000001,121.399999999994,10
-337.35,-295.600000000006,10
-47.8500000000004,-54.4000000000087,10
50.4500000000007,119.899999999994,10
-285.25,-242.500000000007,10
436.15,271.799999999996,10
360.25,-208.800000000003,10
395.950000000001,172.999999999993,10
29.0499999999993,-319.000000000007,10
-340.85,-323.000000000007,1
318.950000000001,117.399999999994,1
282.75,325.399999999994,1
177.549999999999,109.999999999993,1
-261.35,-272.300000000003,1
229.15,346.299999999996,10
-391.450000000001,-44.4000000000087,10
215.75,-85.1000000000058,10
287.75,105.999999999993,8
202.35,65.2999999999956,10
153.65,301.099999999991,4
-55.3500000000004,-335.400000000009,10
91.6499999999996,112.899999999994,10
-68.25,-29.0000000000073,4
41.9500000000007,121.399999999994,3
124.85,-217.200000000004,10
224.65,103.999999999993,4
-207.25,283.699999999997,10
89.1499999999996,-71.7000000000044,8
-350.75,-198.300000000003,10
-371.549999999999,-32.5000000000073,10
-420.25,-12.2000000000044,10
-52.3500000000004,26.5999999999913,10
244.549999999999,140.299999999996,10
365.15,-60.8000000000029,4
-16.6499999999996,-24.6000000000058,10
175.549999999999,47.8999999999942,3
2.75,338.799999999996,10
-34.9500000000007,158.099999999991,3
328.950000000001,-295.200000000004,10
-203.25,-346.800000000003,4
183.950000000001,251.499999999993,3
325.950000000001,-26.1000000000058,10
-322.950000000001,-308.600000000006,10
-315.950000000001,-18.1000000000058,10
-51.3500000000004,58.7999999999956,10
194.35,213.699999999997,8
-103.450000000001,308.099999999991,10
396.450000000001,-153.700000000004,10
227.15,116.399999999994,4
-83.6499999999996,83.6999999999971,4
230.65,78.6999999999971,10
-22.5499999999993,-0.700000000004366,10
-50.8500000000004,167.599999999991,3
420.25,-241.000000000007,4
-30.5499999999993,141.199999999997,3
136.25,-186.900000000009,3
-461.950000000001,-286.700000000004,10
-13.1499999999996,-163.600000000006,4
385.049999999999,172.499999999993,10
-303.049999999999,57.7999999999956,10
-12.1499999999996,-166.600000000006,10
311.049999999999,276.799999999996,10
240.549999999999,230.099999999991,10
121.85,-134.300000000003,10
-255.950000000001,-324.400000000009,10
-196.35,235.599999999991,10
85.6499999999996,324.399999999994,10
199.35,171.499999999993,10
-11.6499999999996,-97.1000000000058,10
185.950000000001,57.7999999999956,4
-104.950000000001,-1.20000000000437,10
-271.35,-239.000000000007,1
-84.6499999999996,-64.8000000000029,10
320.950000000001,246.999999999993,10
30.0499999999993,10.6999999999971,3
-69.25,49.8999999999942,2
-272.25,321.999999999993,1
429.25,215.699999999997,3
17.1499999999996,101.999999999993,3
-200.35,316.999999999993,10
345.85,255.899999999994,10
104.049999999999,317.999999999993,3
387.549999999999,-262.400000000009,4
-122.85,343.799999999996,4
221.15,347.299999999996,10
239.549999999999,333.899999999994,3
-49.3500000000004,158.099999999991,10
321.950000000001,-170.500000000007,10
-5.64999999999964,205.299999999996,10
-79.1499999999996,26.0999999999913,10
102.049999999999,-105.000000000007,10
254.950000000001,-292.200000000004,10
-24.0499999999993,-14.6000000000058,10
310.549999999999,262.899999999994,1
-50.3500000000004,-123.400000000009,4
155.15,191.399999999994,4
22.1499999999996,342.299999999996,10
452.549999999999,181.499999999993,10
-169.049999999999,-240.500000000007,1
-57.3500000000004,301.099999999991,10
-198.35,-231.100000000006,1
-18.6499999999996,-99.5000000000073,10
-69.25,35.9999999999927,10
-102.549999999999,342.799999999996,10
434.15,72.6999999999971,1
-329.35,190.399999999994,10
-459.950000000001,-337.400000000009,10
-37.4500000000007,249.499999999993,4
141.75,139.299999999996,10
159.15,299.099999999991,10
456.549999999999,-129.800000000003,10
-23.0499999999993,4.69999999999709,4
-63.25,-296.600000000006,10
454.549999999999,-344.300000000003,4
-40.9500000000007,-19.1000000000058,3
12.6499999999996,295.599999999991,3
-71.75,192.399999999994,10
435.15,217.199999999997,10
-48.3500000000004,-62.3000000000029,10
398.450000000001,-7.70000000000437,10
321.950000000001,-289.200000000004,1
-23.0499999999993,314.499999999993,10
125.35,-169.000000000007,10
388.950000000001,77.6999999999971,2
463.450000000001,184.399999999994,3
157.15,138.299999999996,10
-243.950000000001,-288.700000000004,10
177.049999999999,288.699999999997,1
359.25,19.5999999999913,3
175.549999999999,346.799999999996,10
386.549999999999,151.199999999997,10
-239.049999999999,-151.700000000004,10
46.4500000000007,281.699999999997,6
33.0499999999993,244.499999999993,4
375.549999999999,-20.6000000000058,4
428.25,-227.600000000006,4
34.5499999999993,281.199999999997,4
-128.35,-37.5000000000073,10
-193.85,-346.800000000003,3
-67.75,-90.1000000000058,3
-133.25,108.999999999993,10
231.65,299.599999999991,4
296.65,157.599999999991,4
208.25,266.399999999994,3
-290.65,-114.400000000009,10
163.15,165.599999999991,4
313.049999999999,105.999999999993,10
84.1499999999996,73.1999999999971,1
67.25,250.499999999993,10
-236.549999999999,237.599999999991,2
375.049999999999,-214.700000000004,8
333.35,156.099999999991,10
-423.75,-137.300000000003,10
13.1499999999996,261.399999999994,10
252.450000000001,-191.400000000009,10
279.75,-249.500000000007,8
37.5499999999993,107.499999999993,10
6.25,140.299999999996,10
-78.6499999999996,-241.500000000007,10
-193.85,187.399999999994,10
268.35,347.799999999996,3
394.450000000001,-16.1000000000058,10
247.049999999999,-247.500000000007,10
-211.75,-333.400000000009,10
-97.0499999999993,-16.6000000000058,10
90.1499999999996,264.899999999994,10
206.75,60.2999999999956,1
338.35,-346.800000000003,10
141.25,105.999999999993,4
326.950000000001,246.999999999993,10
371.65,-294.700000000004,10
442.15,-195.900000000009,10
-91.5499999999993,-69.3000000000029,10
-251.450000000001,-138.300000000003,4
-42.4500000000007,-13.7000000000044,10
-181.950000000001,318.499999999993,10
306.549999999999,121.399999999994,10
-70.25,334.899999999994,4
10.6499999999996,-198.800000000003,10
193.85,56.7999999999956,10
-27.5499999999993,-44.9000000000087,4
-63.75,33.4999999999927,10
-72.25,216.699999999997,10
128.85,-233.600000000006,1
150.65,131.799999999996,10
344.85,220.199999999997,4
39.4500000000007,-215.200000000004,10
-65.25,27.0999999999913,10
441.65,22.0999999999913,10
238.049999999999,344.799999999996,1
-187.85,205.799999999996,10
215.25,347.799999999996,3
1.75,148.699999999997,10
-179.450000000001,129.299999999996,1
-42.9500000000007,33.4999999999927,1
-19.0499999999993,38.9999999999927,10
-118.85,246.499999999993,4
-10.1499999999996,50.3999999999942,10
-250.450000000001,339.799999999996,3
416.35,32.4999999999927,10
448.549999999999,122.899999999994,10
179.450000000001,-256.900000000009,10
333.85,267.299999999996,5
262.85,-226.100000000006,10
166.549999999999,-324.400000000009,1
74.25,142.699999999997,10
223.65,178.999999999993,10
-201.35,228.099999999991,10
419.75,331.899999999994,3
273.35,-69.3000000000029,10
-118.35,237.099999999991,10
-15.6499999999996,-80.2000000000044,10
-21.0499999999993,169.499999999993,10
-423.75,-21.6000000000058,10
375.549999999999,324.399999999994,10
119.450000000001,159.599999999991,10
-53.3500000000004,206.299999999996,10
-53.3500000000004,23.5999999999913,10
-140.25,118.399999999994,1
-47.3500000000004,-83.2000000000044,3
-77.1499999999996,-304.100000000006,10
-35.9500000000007,-0.200000000004366,10
449.049999999999,-346.800000000003,10
-0.75,-77.7000000000044,10
410.35,-151.700000000004,10
68.25,93.0999999999913,10
164.549999999999,-265.900000000009,10
-9.14999999999964,291.199999999997,1
257.950000000001,347.799999999996,3
379.049999999999,-27.1000000000058,10
152.65,187.399999999994,3
234.15,202.299999999996,10
-444.049999999999,4.19999999999709,3
179.450000000001,40.4999999999927,10
334.85,-298.100000000006,3
378.549999999999,-253.900000000009,10
182.450000000001,323.899999999994,4
-16.1499999999996,65.7999999999956,1
-248.950000000001,-132.300000000003,1
-68.75,284.699999999997,10
145.25,247.999999999993,10
175.549999999999,-244.000000000007,3
24.0499999999993,105.999999999993,10
290.65,322.999999999993,4
211.25,79.6999999999971,10
264.35,291.699999999997,10
196.35,218.699999999997,3
240.049999999999,215.199999999997,10
-242.049999999999,260.899999999994,10
-66.25,61.7999999999956,1
-4.64999999999964,-316.500000000007,10
-103.450000000001,176.999999999993,10
206.25,242.499999999993,10
158.65,130.799999999996,10
-245.450000000001,158.099999999991,10
-420.75,-333.400000000009,4
-85.6499999999996,242.999999999993,10
-21.5499999999993,-33.0000000000073,10
71.75,221.699999999997,10
435.65,-218.200000000004,3
89.6499999999996,165.599999999991,10
277.25,269.799999999996,8
298.15,59.7999999999956,1
30.0499999999993,172.999999999993,4
275.35,-8.20000000000437,4
212.75,204.799999999996,10
145.75,131.299999999996,1
138.75,64.2999999999956,4
379.049999999999,271.299999999996,10
24.5499999999993,-195.400000000009,10
26.5499999999993,80.6999999999971,2
400.450000000001,-239.500000000007,10
277.75,167.599999999991,1
19.1499999999996,216.699999999997,3
454.049999999999,-166.600000000006,10
355.25,13.1999999999971,3
389.450000000001,-316.500000000007,10
119.450000000001,130.299999999996,10
-408.35,-24.6000000000058,2
319.950000000001,208.799999999996,10
243.549999999999,75.1999999999971,1
429.25,-139.300000000003,1
-258.85,346.799999999996,3
-192.35,204.799999999996,10
414.35,-243.000000000007,10
314.049999999999,324.399999999994,5
289.25,-180.500000000007,1
-64.25,-42.0000000000073,4
343.35,-330.900000000009,10
-32.0499999999993,330.899999999994,6
-9.64999999999964,61.2999999999956,3
427.75,-243.000000000007,10
-25.5499999999993,36.4999999999927,10
284.75,-107.000000000007,10
22.6499999999996,151.699999999997,8
86.1499999999996,-51.9000000000087,10
-192.35,234.099999999991,1
36.5499999999993,160.599999999991,10
95.5499999999993,-150.700000000004,10
312.049999999999,316.999999999993,1
46.9500000000007,202.799999999996,10
452.549999999999,-259.400000000009,10
235.549999999999,316.999999999993,10
-29.5499999999993,-53.4000000000087,4
-97.5499999999993,208.799999999996,1
137.25,106.499999999993,1
430.25,202.299999999996,3
50.9500000000007,178.999999999993,10
163.15,171.499999999993,10
-259.85,332.399999999994,8
-21.0499999999993,-95.1000000000058,1
-438.15,-175.000000000007,10
292.65,269.299999999996,6
-203.25,70.6999999999971,10
361.65,88.0999999999913,4
148.25,-272.300000000003,1
54.8500000000004,32.4999999999927,2
93.6499999999996,-106.000000000007,10
118.450000000001,80.1999999999971,10
342.85,341.799999999996,4
-196.35,-200.300000000003,10
-21.5499999999993,-39.5000000000073,1
387.049999999999,-226.100000000006,4
-35.4500000000007,-37.5000000000073,10
420.25,-79.7000000000044,1
460.950000000001,-107.500000000007,10
294.15,251.999999999993,4
-208.75,202.299999999996,8
-73.75,-13.2000000000044,10
183.450000000001,65.7999999999956,1
-131.25,275.799999999996,4
-2.75,-328.400000000009,10
358.25,-46.4000000000087,10
327.950000000001,-257.900000000009,10
310.549999999999,-46.9000000000087,10
155.15,232.099999999991,1
-131.25,26.0999999999913,3
191.450000000001,267.799999999996,10
-280.25,-226.100000000006,10
397.450000000001,-281.700000000004,10
2.25,166.599999999991,3
-206.75,217.699999999997,10
-185.950000000001,-93.1000000000058,10
-72.25,-1.70000000000437,10
405.85,-147.200000000004,8
-297.15,-336.400000000009,10
356.75,-196.400000000009,10
-227.15,-168.100000000006,1
191.950000000001,53.3999999999942,10
-214.25,233.599999999991,4
200.35,103.999999999993,10
63.8500000000004,-34.0000000000073,10
334.35,-176.000000000007,3
79.25,259.399999999994,10
-180.450000000001,309.099999999991,4
66.75,-148.700000000004,10
-294.15,-92.6000000000058,4
-36.4500000000007,10.6999999999971,10
434.65,-242.000000000007,10
405.35,29.9999999999927,10
-141.75,243.499999999993,4
-70.25,-340.300000000003,4
91.1499999999996,273.299999999996,10
214.75,260.399999999994,1
-81.1499999999996,-59.3000000000029,10
450.049999999999,-254.900000000009,10
-181.950000000001,342.299999999996,10
79.25,132.799999999996,10
321.450000000001,-167.100000000006,10
-39.4500000000007,-279.300000000003,10
-111.950000000001,282.199999999997,10
367.65,209.299999999996,10
-17.1499999999996,240.999999999993,10
252.450000000001,-221.700000000004,10
178.950000000001,45.3999999999942,10
-191.35,-14.2000000000044,10
413.85,209.299999999996,4
-229.549999999999,273.799999999996,3
255.950000000001,163.599999999991,4
-461.950000000001,-321.500000000007,3
354.25,116.399999999994,1
292.15,259.899999999994,1
30.5499999999993,82.1999999999971,10
262.450000000001,89.5999999999913,10
315.549999999999,277.299999999996,10
460.450000000001,-268.800000000003,10
-35.9500000000007,329.899999999994,10
-206.75,244.999999999993,10
448.049999999999,-182.000000000007,8
99.5499999999993,-128.800000000003,3
12.6499999999996,66.2999999999956,4
-43.9500000000007,-45.4000000000087,10
-454.049999999999,-2.20000000000437,10
321.950000000001,-267.300000000003,10
-45.4500000000007,-323.000000000007,3
-407.85,223.699999999997,1
-313.049999999999,-97.6000000000058,10
-81.1499999999996,333.399999999994,3
457.549999999999,-290.200000000004,10
-56.3500000000004,-27.1000000000058,10
51.8500000000004,273.299999999996,1
273.35,-168.100000000006,3
-201.35,77.6999999999971,10
153.15,-217.700000000004,10
229.65,240.999999999993,10
-25.0499999999993,62.7999999999956,4
-296.15,-224.700000000004,4
141.75,144.699999999997,4
263.35,-337.800000000003,10
365.65,107.999999999993,10
-14.6499999999996,238.099999999991,10
158.65,-327.900000000009,10
134.85,157.599999999991,10
-18.6499999999996,273.299999999996,4
275.85,216.699999999997,4
303.15,339.299999999996,10
-241.049999999999,-312.500000000007,10
325.950000000001,238.599999999991,10
387.549999999999,204.799999999996,10
246.049999999999,-307.600000000006,10
382.549999999999,-31.5000000000073,10
47.4500000000007,98.9999999999927,10
-256.450000000001,342.799999999996,10
-154.65,193.399999999994,3
-6.14999999999964,158.599999999991,4
386.049999999999,347.299999999996,10
-38.9500000000007,41.4999999999927,10
-20.5499999999993,34.9999999999927,3
-154.65,281.199999999997,10
250.950000000001,-224.700000000004,10
14.1499999999996,27.0999999999913,4
-53.8500000000004,54.8999999999942,1
445.15,-243.500000000007,10
74.75,190.399999999994,10
-404.35,-167.600000000006,3
437.65,-335.400000000009,4
447.549999999999,-336.900000000009,10
-20.0499999999993,56.2999999999956,4
375.549999999999,150.199999999997,10
24.5499999999993,339.799999999996,10
285.25,188.899999999994,8
-21.0499999999993,48.8999999999942,10
53.8500000000004,-75.2000000000044,10
34.5499999999993,231.099999999991,10
-12.6499999999996,-207.300000000003,10
445.549999999999,26.0999999999913,10
315.049999999999,-272.800000000003,4
127.85,240.999999999993,10
463.450000000001,227.599999999991,10
225.65,76.1999999999971,8
-32.5499999999993,302.599999999991,10
427.75,143.699999999997,10
34.5499999999993,174.999999999993,3
-107.950000000001,281.199999999997,1
-31.5499999999993,60.7999999999956,10
92.1499999999996,75.6999999999971,10
-34.9500000000007,30.9999999999927,10
63.3500000000004,-346.300000000003,5
68.75,162.099999999991,3
355.25,-305.600000000006,8
-223.65,-195.400000000009,10
-27.5499999999993,43.8999999999942,10
-80.1499999999996,-225.600000000006,10
132.85,-164.100000000006,10
283.25,-153.700000000004,3
-29.0499999999993,-19.6000000000058,3
273.35,276.299999999996,5
-333.35,-189.400000000009,3
440.15,-145.200000000004,1
450.049999999999,192.899999999994,10
-96.5499999999993,170.999999999993,10
282.75,223.199999999997,4
379.549999999999,-58.3000000000029,10
433.65,-317.500000000007,1
-53.3500000000004,-192.400000000009,10
-75.1499999999996,-33.0000000000073,3
210.75,88.0999999999913,1
-101.049999999999,241.499999999993,4
310.049999999999,-346.800000000003,10
-321.450000000001,-298.600000000006,8
-432.15,-3.20000000000437,10
161.15,43.3999999999942,1
41.9500000000007,198.799999999996,4
365.15,10.6999999999971,10
345.85,146.199999999997,10
-103.450000000001,289.199999999997,4
-47.8500000000004,178.499999999993,4
-292.65,-30.5000000000073,10
-54.3500000000004,-3.20000000000437,10
41.4500000000007,133.299999999996,10
42.4500000000007,-23.1000000000058,3
-427.65,-135.300000000003,1
237.049999999999,-300.100000000006,1
422.75,187.899999999994,10
188.450000000001,233.099999999991,10
193.85,88.5999999999913,4
178.049999999999,100.499999999993,10
-16.1499999999996,332.899999999994,10
-322.950000000001,-304.600000000006,8
-61.75,-35.5000000000073,3
221.15,-93.1000000000058,10
-47.8500000000004,-29.0000000000073,8
197.35,99.9999999999927,4
37.0499999999993,180.499999999993,10
419.25,-277.300000000003,3
203.85,71.1999999999971,10
358.25,-232.100000000006,10
173.049999999999,63.2999999999956,3
405.85,-241.000000000007,10
175.549999999999,329.899999999994,10
364.65,-8.70000000000437,10
386.549999999999,47.8999999999942,6
95.0499999999993,254.399999999994,10
-131.75,-340.800000000003,3
-275.25,-234.600000000006,10
-14.6499999999996,-179.500000000007,10
-26.0499999999993,8.69999999999709,10
-180.450000000001,304.599999999991,10
167.549999999999,-301.600000000006,10
32.0499999999993,309.099999999991,10
-31.0499999999993,-34.5000000000073,4
-129.85,329.399999999994,10
-320.450000000001,-191.900000000009,8
379.549999999999,226.099999999991,10
239.049999999999,88.5999999999913,10
-82.6499999999996,185.399999999994,8
279.25,-126.800000000003,3
-349.75,-68.3000000000029,10
-26.0499999999993,-11.2000000000044,1
352.75,251.999999999993,1
-176.450000000001,234.099999999991,10
243.049999999999,-201.300000000003,10
-375.549999999999,-150.200000000004,10
371.15,-61.3000000000029,8
399.950000000001,-255.400000000009,4
14.6499999999996,216.199999999997,10
84.1499999999996,136.299999999996,1
162.15,135.299999999996,1
210.75,262.399999999994,10
402.450000000001,216.699999999997,10
116.450000000001,238.599999999991,10
220.65,261.899999999994,10
-27.0499999999993,-108.500000000007,10
-431.65,-172.500000000007,1
91.1499999999996,335.399999999994,10
-196.35,-224.200000000004,10
-104.950000000001,-254.400000000009,10
-19.0499999999993,-29.5000000000073,4
-462.950000000001,-126.400000000009,1
174.049999999999,310.499999999993,3
282.75,172.999999999993,4
290.25,282.699999999997,4
204.85,113.399999999994,10
28.5499999999993,226.099999999991,1
-243.049999999999,-147.700000000004,4
354.75,80.1999999999971,4
362.65,-4.70000000000437,10
59.3500000000004,-9.20000000000437,10
-13.1499999999996,9.19999999999709,10
-175.950000000001,237.099999999991,10
-375.049999999999,-309.500000000007,1
166.549999999999,93.5999999999913,3
346.75,304.599999999991,10
463.450000000001,-205.300000000003,3
-0.25,159.099999999991,3
338.35,-322.500000000007,10
139.25,237.099999999991,10
21.6499999999996,-86.6000000000058,10
283.75,-182.500000000007,1
-52.3500000000004,-16.6000000000058,10
248.049999999999,-275.300000000003,4
-248.450000000001,267.799999999996,4
-4.25,232.099999999991,10
352.25,124.399999999994,1
146.25,280.299999999996,10
-297.15,185.399999999994,10
-386.950000000001,-29.0000000000073,4
330.450000000001,120.899999999994,10
326.450000000001,-78.2000000000044,3
-252.450000000001,-274.300000000003,10
193.35,233.599999999991,3
324.450000000001,323.899999999994,4
-53.8500000000004,34.9999999999927,8
346.75,152.199999999997,10
454.049999999999,284.199999999997,3
-164.049999999999,190.399999999994,10
446.549999999999,-28.1000000000058,4
256.950000000001,332.899999999994,10
-87.6499999999996,99.9999999999927,10
-425.75,-153.700000000004,10
73.25,333.899999999994,10
-434.15,-326.900000000009,5
249.450000000001,138.299999999996,10
4.25,310.999999999993,3
18.1499999999996,307.099999999991,10
-219.65,-178.000000000007,3
426.75,-187.900000000009,10
225.65,161.099999999991,3
-99.0499999999993,204.299999999996,10
-61.25,-4.70000000000437,10
435.15,66.7999999999956,10
143.25,-259.400000000009,10
-36.9500000000007,60.7999999999956,3
201.85,117.399999999994,8
-426.25,-275.800000000003,1
-146.65,344.299999999996,10
161.15,313.999999999993,10
-454.950000000001,181.999999999993,4
-300.549999999999,186.899999999994,10
255.950000000001,-311.000000000007,4
7.75,271.299999999996,2
-125.85,232.599999999991,10
456.049999999999,262.399999999994,3
250.450000000001,106.999999999993,1
219.75,322.499999999993,1
-183.450000000001,199.299999999996,10
-12.6499999999996,137.299999999996,1
7.75,25.0999999999913,4
-154.15,326.899999999994,4
366.15,-17.1000000000058,10
236.049999999999,204.799999999996,10
-385.950000000001,-281.700000000004,10
-34.4500000000007,150.699999999997,10
8.25,-213.700000000004,10
-106.450000000001,168.999999999993,10
-171.549999999999,300.099999999991,10
164.549999999999,37.9999999999927,4
-338.85,-76.7000000000044,4
-131.25,180.499999999993,10
-40.9500000000007,28.4999999999927,10
331.450000000001,-241.500000000007,10
273.85,-240.500000000007,10
145.25,97.0999999999913,3
-96.5499999999993,243.499999999993,10
-35.4500000000007,232.099999999991,1
242.049999999999,221.199999999997,10
-17.1499999999996,301.599999999991,4
66.25,110.999999999993,10
355.25,-25.6000000000058,4
173.049999999999,277.799999999996,8
358.75,-323.900000000009,10
-14.1499999999996,-32.5000000000073,4
376.049999999999,206.799999999996,10
182.950000000001,177.499999999993,2
452.049999999999,-18.1000000000058,4
109.950000000001,266.899999999994,1
83.6499999999996,334.899999999994,10
30.0499999999993,-39.0000000000073,4
366.65,150.199999999997,4
370.65,-56.3000000000029,10
148.75,225.099999999991,1
-343.25,-75.7000000000044,10
-28.0499999999993,-7.20000000000437,4
-59.3500000000004,-129.300000000003,10
384.549999999999,-224.200000000004,10
-79.1499999999996,75.6999999999971,1
209.75,-95.6000000000058,3
-211.75,-214.700000000004,10
6.25,148.699999999997,10
-40.4500000000007,118.399999999994,10
118.450000000001,145.199999999997,1
349.25,-23.1000000000058,10
253.450000000001,-212.200000000004,10
-35.9500000000007,254.399999999994,3
379.549999999999,-332.900000000009,10
389.950000000001,-151.700000000004,4
54.3500000000004,42.3999999999942,10
286.75,117.399999999994,10
143.75,268.799999999996,10
412.85,-73.2000000000044,10
276.35,239.499999999993,1
-17.6499999999996,-76.2000000000044,10
-28.0499999999993,257.899999999994,10
294.15,-182.000000000007,10
66.25,125.899999999994,10
183.950000000001,268.299999999996,10
-290.65,-17.6000000000058,4
24.0499999999993,223.199999999997,8
33.0499999999993,103.499999999993,10
-26.0499999999993,48.3999999999942,10
-64.25,-12.7000000000044,10
294.65,331.899999999994,4
176.549999999999,60.7999999999956,10
430.75,14.0999999999913,4
-26.0499999999993,15.0999999999913,10
269.35,247.499999999993,4
-389.950000000001,-34.5000000000073,10
-272.25,-136.800000000003,10
28.5499999999993,-186.400000000009,10
237.549999999999,-248.000000000007,1
247.549999999999,-280.800000000003,10
-240.049999999999,209.299999999996,8
218.75,-68.8000000000029,10
430.75,-92.6000000000058,3
272.85,-161.100000000006,10
96.5499999999993,335.399999999994,4
105.549999999999,336.399999999994,10
-41.4500000000007,252.899999999994,10
386.049999999999,163.599999999991,10
-116.950000000001,12.6999999999971,10
69.25,243.999999999993,4
313.049999999999,-62.3000000000029,10
76.75,215.199999999997,3
250.950000000001,-243.500000000007,10
-258.35,-264.900000000009,10
-145.15,224.199999999997,10
242.049999999999,89.5999999999913,4
-217.65,276.799999999996,3
-64.25,244.999999999993,10
149.75,283.699999999997,10
-140.75,188.399999999994,10
212.75,-92.6000000000058,4
404.35,-235.100000000006,10
85.1499999999996,254.899999999994,10
139.75,-223.700000000004,10
-144.75,203.299999999996,10
-353.75,-163.100000000006,1
-45.9500000000007,160.599999999991,10
139.25,-182.900000000009,10
203.35,337.299999999996,10
-63.25,-25.6000000000058,10
-451.549999999999,-133.300000000003,3
-57.8500000000004,-55.4000000000087,1
61.8500000000004,142.699999999997,1
-54.8500000000004,10.1999999999971,10
75.25,280.799999999996,6
187.950000000001,285.699999999997,10
347.75,-32.5000000000073,1
43.9500000000007,-42.0000000000073,8
-159.549999999999,198.299999999996,1
-83.6499999999996,-216.700000000004,10
-59.8500000000004,11.1999999999971,1
-119.85,-139.300000000003,1
357.75,-58.3000000000029,10
-303.049999999999,-219.200000000004,10
-47.3500000000004,-272.800000000003,10
-124.35,177.999999999993,4
-272.25,266.899999999994,10
373.15,-316.500000000007,4
215.25,337.799999999996,8
86.1499999999996,258.899999999994,4
352.75,156.599999999991,10
186.950000000001,147.199999999997,10
94.5499999999993,-168.600000000006,10
-78.1499999999996,-3.70000000000437,4
-41.9500000000007,3.69999999999709,10
4.75,-70.7000000000044,3
81.6499999999996,-63.3000000000029,10
261.950000000001,96.5999999999913,10
72.75,159.599999999991,10
173.049999999999,118.399999999994,10
-125.35,323.899999999994,4
14.6499999999996,238.599999999991,10
-37.4500000000007,-14.2000000000044,10
244.549999999999,131.299999999996,10
312.049999999999,210.699999999997,3
-416.75,-345.800000000003,10
108.450000000001,246.999999999993,10
-9.14999999999964,246.999999999993,10
40.9500000000007,159.099999999991,10
297.15,320.999999999993,10
429.25,179.999999999993,10
37.0499999999993,-207.300000000003,4
-102.049999999999,282.199999999997,4
-31.0499999999993,65.2999999999956,5
-29.5499999999993,318.999999999993,10
322.450000000001,232.599999999991,1
296.65,-346.300000000003,4
283.75,346.799999999996,10
-205.25,346.799999999996,1
-42.9500000000007,205.299999999996,10
-29.0499999999993,295.599999999991,10
-43.4500000000007,-85.6000000000058,10
-151.65,205.799999999996,10
-298.65,178.499999999993,10
385.549999999999,248.499999999993,10
224.65,200.799999999996,10
263.85,241.499999999993,10
-41.9500000000007,-29.0000000000073,10
262.85,193.399999999994,10
348.75,-9.20000000000437,4
456.049999999999,91.5999999999913,4
-43.9500000000007,-35.0000000000073,10
-425.25,-297.100000000006,3
-55.3500000000004,48.3999999999942,10
280.75,7.19999999999709,3
342.85,79.1999999999971,4
-202.25,205.299999999996,10
-36.9500000000007,183.899999999994,10
386.549999999999,-202.800000000003,8
345.85,269.299999999996,10
-44.9500000000007,23.5999999999913,1
-5.14999999999964,243.999999999993,10
-450.549999999999,109.999999999993,3
-236.549999999999,308.099999999991,10
-400.35,-139.800000000003,1
-44.4500000000007,-58.3000000000029,10
299.15,-166.600000000006,10
171.549999999999,344.799999999996,1
238.549999999999,-236.100000000006,10
-19.0499999999993,-197.800000000003,4
2.75,220.699999999997,4
254.450000000001,-46.4000000000087,10
6.75,227.099999999991,10
73.75,298.599999999991,10
-68.25,-45.4000000000087,10
425.75,218.699999999997,4
-23.5499999999993,-259.400000000009,10
-435.65,-0.700000000004366,10
-258.35,322.499999999993,4
-206.25,194.899999999994,1
-421.75,-329.400000000009,10
-421.75,72.1999999999971,10
34.5499999999993,59.2999999999956,10
-80.6499999999996,-138.300000000003,1
-433.15,-334.400000000009,4
12.1499999999996,30.9999999999927,3
-130.35,106.499999999993,10
391.950000000001,-235.600000000006,3
-450.549999999999,14.5999999999913,10
-150.65,113.399999999994,1
332.85,307.599999999991,10
210.25,253.399999999994,1
59.3500000000004,-22.6000000000058,10
-251.950000000001,-147.700000000004,4
-11.1499999999996,-72.2000000000044,10
38.4500000000007,208.299999999996,8
-236.049999999999,-155.600000000006,4
-89.5499999999993,-230.600000000006,10
-63.75,-52.9000000000087,10
-335.35,-306.100000000006,10
33.0499999999993,226.599999999991,8
230.15,317.999999999993,10
-230.049999999999,222.699999999997,10
189.450000000001,72.1999999999971,10
-416.75,188.899999999994,10
-249.950000000001,-287.700000000004,10
270.85,218.199999999997,10
-109.450000000001,262.399999999994,4
84.6499999999996,150.699999999997,3
271.85,-237.100000000006,3
457.049999999999,98.4999999999927,10
253.450000000001,-65.3000000000029,10
-241.549999999999,216.699999999997,10
318.549999999999,-266.900000000009,10
-76.1499999999996,-37.5000000000073,10
-201.35,-169.500000000007,10
304.549999999999,-165.100000000006,10
249.450000000001,292.199999999997,1
-79.1499999999996,-286.200000000004,10
-319.450000000001,-342.800000000003,10
308.549999999999,342.299999999996,10
-7.14999999999964,296.099999999991,10
50.4500000000007,-106.500000000007,10
-199.35,20.5999999999913,10
-80.1499999999996,-220.700000000004,10
-323.450000000001,-189.400000000009,10
259.450000000001,-152.700000000004,8
-459.450000000001,-182.000000000007,10
166.549999999999,268.799999999996,8
384.049999999999,-0.700000000004366,10
332.85,-181.500000000007,10
132.85,237.099999999991,10
350.25,-304.600000000006,10
-66.75,7.19999999999709,10
-32.9500000000007,261.399999999994,4
253.450000000001,-163.100000000006,8
-405.35,-278.800000000003,3
231.15,249.999999999993,4
245.549999999999,-233.600000000006,4
5.25,114.399999999994,4
-24.5499999999993,-27.6000000000058,10
338.35,341.299999999996,3
-161.049999999999,67.2999999999956,4
452.549999999999,-137.800000000003,10
438.15,285.699999999997,10
329.450000000001,-18.6000000000058,10
-290.65,-320.000000000007,10
92.1499999999996,130.299999999996,10
352.75,-197.800000000003,10
194.35,121.399999999994,3
432.65,210.299999999996,10
-432.65,-273.800000000003,1
299.65,282.199999999997,10
231.65,288.699999999997,10
17.6499999999996,-141.700000000004,10
200.35,-67.3000000000029,1
-197.85,-216.200000000004,10
312.549999999999,-296.100000000006,10
-18.1499999999996,70.6999999999971,4
149.75,139.299999999996,4
345.35,181.999999999993,1
391.950000000001,106.999999999993,1
457.549999999999,-42.4000000000087,10
-411.85,-292.700000000004,10
278.75,113.899999999994,10
-111.950000000001,20.0999999999913,3
400.950000000001,-279.300000000003,1
-144.75,-308.100000000006,10
-232.049999999999,175.499999999993,10
296.15,107.999999999993,10
171.549999999999,221.699999999997,10
36.0499999999993,-25.6000000000058,10
432.15,233.099999999991,1
-283.75,-32.5000000000073,10
182.950000000001,291.699999999997,8
-426.65,-178.000000000007,10
409.35,98.4999999999927,1
62.3500000000004,272.799999999996,1
-28.0499999999993,226.099999999991,10
-80.1499999999996,-8.20000000000437,10
379.549999999999,37.9999999999927,3
201.35,-72.2000000000044,8
-175.950000000001,220.199999999997,10
-270.35,-344.800000000003,10
437.15,-25.6000000000058,10
280.25,273.799999999996,10
245.049999999999,234.099999999991,1
-78.1499999999996,166.099999999991,10
341.85,-196.400000000009,10
-126.85,254.899999999994,10
17.1499999999996,253.899999999994,10
-185.450000000001,267.799999999996,10
-43.9500000000007,59.7999999999956,1
164.549999999999,117.899999999994,10
-171.549999999999,-102.000000000007,3
-208.25,315.499999999993,10
328.950000000001,192.399999999994,10
100.549999999999,213.199999999997,10
125.35,263.399999999994,10
138.25,165.599999999991,10
72.25,229.099999999991,1
-69.25,277.799999999996,3
-52.8500000000004,-210.300000000003,3
-39.9500000000007,-203.300000000003,10
295.15,-165.600000000006,10
-53.3500000000004,-54.9000000000087,10
238.549999999999,324.899999999994,10
327.450000000001,-173.500000000007,10
325.950000000001,179.999999999993,10
380.549999999999,-245.500000000007,3
462.450000000001,-51.9000000000087,10
188.450000000001,290.199999999997,3
-223.65,149.699999999997,10
421.75,59.7999999999956,3
262.85,-289.200000000004,10
-42.9500000000007,317.499999999993,8
80.1499999999996,186.399999999994,10
449.549999999999,-33.5000000000073,10
