345.350000000002,-93.6000000000058,1
338.850000000002,-94.1000000000058,1
414.350000000002,15.5999999999913,8
219.250000000002,-277.800000000003,1
370.150000000001,-293.700000000004,10
1.75000000000182,-344.800000000003,3
-260.849999999999,41.4999999999927,10
325.950000000001,-231.100000000006,10
327.450000000001,-210.200000000004,2
-253.949999999999,242.499999999993,1
293.150000000001,278.799999999996,4
36.0500000000011,-311.000000000007,10
296.650000000001,195.399999999994,10
429.250000000002,213.699999999997,4
384.550000000001,-297.100000000006,10
334.850000000002,266.899999999994,3
-207.249999999998,-49.9000000000087,4
180.450000000001,73.6999999999971,10
379.550000000001,-24.1000000000058,10
-188.349999999999,-129.300000000003,3
-305.549999999999,-139.200000000004,2
265.350000000002,-229.100000000006,4
-146.649999999998,-39.0000000000073,10
105.050000000001,-307.100000000006,1
360.650000000001,242.499999999993,1
-435.649999999998,296.599999999991,10
-48.3499999999985,-34.0000000000073,4
-172.549999999999,110.499999999993,1
99.0500000000011,-299.100000000006,5
-98.0499999999993,213.699999999997,10
181.950000000001,-328.400000000009,4
244.050000000001,-132.300000000003,4
-285.749999999998,111.999999999993,1
372.650000000001,-14.6000000000058,10
42.4500000000007,-277.800000000003,1
13.6500000000015,-303.100000000006,3
-287.149999999998,99.0999999999913,4
-343.749999999998,198.299999999996,10
247.950000000001,-213.200000000004,2
327.950000000001,-148.700000000004,10
-246.449999999999,-104.500000000007,2
-89.1499999999978,-34.0000000000073,10
-269.349999999999,-85.6000000000058,10
-289.649999999998,190.399999999994,6
361.650000000001,-140.200000000004,4
310.050000000001,-253.400000000009,10
-370.149999999998,-319.000000000007,10
312.550000000001,-189.900000000009,1
-170.049999999999,62.2999999999956,3
-153.649999999998,-23.1000000000058,1
-140.249999999998,16.0999999999913,4
-233.049999999999,169.599999999991,5
187.450000000001,-331.400000000009,10
148.750000000002,-132.300000000003,1
-219.649999999998,100.499999999993,8
438.150000000001,228.099999999991,10
268.850000000002,-247.000000000007,8
-117.449999999999,-15.1000000000058,4
-162.049999999999,34.4999999999927,10
95.5500000000011,-346.800000000003,3
-254.449999999999,199.299999999996,3
-281.749999999998,-85.1000000000058,10
-79.6499999999978,8.69999999999709,1
-293.649999999998,111.499999999993,8
346.250000000002,170.999999999993,1
-299.149999999998,249.999999999993,1
-212.749999999998,25.0999999999913,1
-47.3499999999985,-76.2000000000044,10
-189.349999999999,0.799999999995634,2
394.450000000001,-17.1000000000058,10
121.850000000002,-281.700000000004,1
418.250000000002,17.5999999999913,1
388.050000000001,-232.600000000006,1
277.250000000002,-201.300000000003,4
13.1500000000015,-321.500000000007,8
238.050000000001,-209.300000000003,10
225.650000000001,-233.600000000006,10
351.750000000002,-223.200000000004,4
-43.9499999999989,-52.4000000000087,1
380.550000000001,-148.700000000004,1
280.250000000002,-96.1000000000058,1
89.1500000000015,-292.200000000004,10
249.450000000001,-97.5000000000073,10
262.850000000002,-287.200000000004,1
-115.449999999999,271.299999999996,10
-155.149999999998,11.6999999999971,5
-216.149999999998,268.799999999996,10
243.550000000001,-217.200000000004,4
425.750000000002,-237.100000000006,10
170.550000000001,-329.400000000009,10
-347.749999999998,3.19999999999709,4
-116.949999999999,28.5999999999913,2
-190.349999999999,-27.5000000000073,4
-93.5499999999993,-43.4000000000087,4
-196.849999999999,16.5999999999913,1
331.450000000001,201.799999999996,10
393.950000000001,-119.400000000009,3
-358.649999999998,260.899999999994,4
258.950000000001,-128.800000000003,1
136.250000000002,-311.000000000007,1
277.750000000002,-135.800000000003,1
-199.349999999999,-75.7000000000044,4
-244.949999999999,-77.7000000000044,1
-81.1499999999978,-46.9000000000087,10
337.850000000002,-224.100000000006,1
-142.749999999998,-21.1000000000058,10
-257.449999999999,-180.500000000007,1
-146.649999999998,49.8999999999942,4
-88.1499999999978,-65.8000000000029,4
-231.549999999999,273.799999999996,10
281.750000000002,-150.700000000004,1
-134.249999999998,-16.1000000000058,2
-160.049999999999,26.5999999999913,2
-383.049999999999,310.099999999991,1
-278.249999999998,-332.400000000009,10
430.650000000001,-283.200000000004,1
439.150000000001,-46.9000000000087,4
332.850000000002,244.499999999993,10
323.450000000001,-113.900000000009,4
173.050000000001,-156.100000000006,10
389.950000000001,-128.800000000003,10
53.8500000000022,-283.700000000004,10
153.150000000001,-275.800000000003,4
369.150000000001,21.5999999999913,10
-156.149999999998,23.0999999999913,2
330.450000000001,-214.200000000004,10
17.1500000000015,-328.900000000009,2
-35.4499999999989,-279.700000000004,3
-188.349999999999,46.3999999999942,4
-129.849999999999,60.7999999999956,5
346.250000000002,-125.300000000003,1
-254.449999999999,-19.1000000000058,2
381.050000000001,93.5999999999913,10
-55.3499999999985,-221.200000000004,2
-190.349999999999,-76.2000000000044,10
380.050000000001,-231.100000000006,4
8.25000000000182,-330.900000000009,10
-65.7499999999982,-40.0000000000073,4
-213.749999999998,-180.000000000007,2
407.350000000002,-8.20000000000437,10
-236.049999999999,-341.300000000003,10
-196.849999999999,-13.6000000000058,3
-47.3499999999985,-256.400000000009,2
411.850000000002,179.499999999993,1
-237.549999999999,234.099999999991,10
162.150000000001,-271.800000000003,5
-147.149999999998,-166.100000000006,4
291.150000000001,-51.4000000000087,4
395.950000000001,-256.400000000009,4
111.950000000001,-332.400000000009,1
-59.3499999999985,-43.9000000000087,10
250.450000000001,49.8999999999942,4
-211.249999999998,91.5999999999913,1
207.250000000002,-144.700000000004,1
-148.149999999998,-346.300000000003,1
337.350000000002,80.1999999999971,3
293.650000000001,-203.300000000003,10
132.350000000002,-279.700000000004,3
-158.149999999998,-37.5000000000073,3
284.250000000002,159.599999999991,1
308.050000000001,-298.600000000006,10
314.050000000001,-106.500000000007,10
-133.249999999998,14.6999999999971,4
-103.949999999999,-19.6000000000058,1
404.850000000002,-119.400000000009,10
418.250000000002,129.799999999996,10
-196.349999999999,195.899999999994,10
-122.349999999999,162.099999999991,4
324.450000000001,-200.800000000003,1
-41.4499999999989,-146.700000000004,10
-198.349999999999,-40.9000000000087,1
-80.1499999999978,-78.7000000000044,4
364.150000000001,-278.300000000003,10
387.550000000001,250.499999999993,4
-236.049999999999,-85.6000000000058,1
26.0500000000011,-300.600000000006,10
-168.049999999999,-34.5000000000073,1
401.950000000001,256.399999999994,10
-237.549999999999,225.699999999997,10
-171.549999999999,2.69999999999709,5
-132.749999999998,-159.600000000006,10
304.550000000001,-276.300000000003,10
-37.4499999999989,-202.300000000003,10
269.850000000002,-154.600000000006,4
261.850000000002,-230.100000000006,4
-198.849999999999,-92.6000000000058,4
306.550000000001,129.299999999996,10
394.450000000001,-139.700000000004,4
-326.949999999999,219.699999999997,4
402.450000000001,247.499999999993,10
7.25000000000182,-318.500000000007,10
228.650000000001,-235.600000000006,10
321.450000000001,-208.300000000003,4
-287.649999999998,60.2999999999956,4
28.0500000000011,-316.500000000007,3
189.950000000001,-130.800000000003,4
-149.149999999998,71.6999999999971,4
-247.449999999999,-143.200000000004,1
317.050000000001,-230.600000000006,10
-109.449999999999,28.0999999999913,4
165.550000000001,-332.900000000009,4
-134.249999999998,40.4999999999927,3
-266.849999999999,-120.900000000009,1
37.0500000000011,-303.100000000006,10
243.050000000001,-136.800000000003,10
230.650000000001,-80.7000000000044,1
-159.149999999998,0.799999999995634,10
-149.149999999998,-48.9000000000087,10
230.150000000001,-142.200000000004,4
266.350000000002,-264.400000000009,1
-86.6499999999978,-176.000000000007,10
-59.8499999999985,-51.9000000000087,4
405.850000000002,202.799999999996,1
-345.249999999998,-17.6000000000058,4
162.150000000001,-152.200000000004,10
390.950000000001,-151.200000000004,1
320.950000000001,-224.100000000006,10
-382.549999999999,-339.300000000003,8
220.650000000001,-345.800000000003,2
282.750000000002,-137.300000000003,1
-120.349999999999,-78.2000000000044,1
370.650000000001,-131.300000000003,4
75.7500000000018,-310.000000000007,1
-347.249999999998,193.899999999994,10
434.150000000001,223.699999999997,1
-130.849999999999,20.5999999999913,5
288.750000000002,-274.300000000003,2
-182.949999999999,37.9999999999927,10
324.950000000001,198.799999999996,10
-236.049999999999,215.199999999997,1
292.650000000001,-264.900000000009,2
-382.049999999999,229.099999999991,1
-154.149999999998,-30.5000000000073,1
-209.749999999998,-67.8000000000029,1
-168.049999999999,14.6999999999971,10
-194.849999999999,27.5999999999913,10
-70.7499999999982,-8.20000000000437,1
225.150000000001,-113.400000000009,3
393.450000000001,-136.800000000003,10
-170.049999999999,-120.900000000009,4
-116.949999999999,-36.0000000000073,10
-368.649999999998,328.399999999994,4
-189.849999999999,50.8999999999942,3
-131.749999999998,-19.6000000000058,4
-251.949999999999,17.5999999999913,4
298.650000000001,-133.800000000003,1
59.8500000000022,-294.600000000006,5
308.050000000001,-194.400000000009,10
54.8500000000022,-288.200000000004,1
363.650000000001,-285.700000000004,10
-130.849999999999,27.5999999999913,3
-239.049999999999,290.199999999997,3
-279.249999999998,343.799999999996,1
79.1500000000015,-320.500000000007,1
333.350000000002,-146.200000000004,3
174.050000000001,-305.600000000006,10
423.750000000002,196.899999999994,1
342.350000000002,-98.0000000000073,10
207.250000000002,-91.6000000000058,4
-171.549999999999,26.5999999999913,4
393.450000000001,174.499999999993,10
214.750000000002,-281.200000000004,8
-150.649999999998,13.1999999999971,4
282.250000000002,-101.000000000007,4
263.850000000002,-110.000000000007,4
295.150000000001,-77.2000000000044,1
193.850000000002,-106.500000000007,10
-117.449999999999,-3.20000000000437,3
366.650000000001,-107.000000000007,3
-135.749999999998,61.2999999999956,6
353.750000000002,-147.700000000004,3
393.950000000001,114.899999999994,2
-29.5499999999993,113.899999999994,5
-153.649999999998,-43.4000000000087,1
-137.749999999998,199.299999999996,10
232.150000000001,-72.2000000000044,5
138.250000000002,-298.600000000006,10
-167.049999999999,33.4999999999927,1
-21.5499999999993,-199.300000000003,4
298.150000000001,217.699999999997,4
-141.249999999998,25.5999999999913,1
-41.4499999999989,-70.7000000000044,3
347.250000000002,-224.600000000006,4
249.450000000001,-272.800000000003,4
367.150000000001,30.4999999999927,10
256.950000000001,-141.700000000004,10
-102.549999999999,34.9999999999927,10
-155.649999999998,-47.9000000000087,4
-61.3499999999985,-256.900000000009,1
-127.349999999999,-10.7000000000044,4
-123.849999999999,110.499999999993,10
-175.949999999999,19.0999999999913,3
-214.749999999998,58.2999999999956,4
-306.549999999999,-31.0000000000073,10
-53.3499999999985,-255.900000000009,4
-385.949999999999,-316.000000000007,4
-107.449999999999,-28.0000000000073,10
278.750000000002,276.799999999996,4
78.7500000000018,-275.300000000003,10
12.6500000000015,-343.800000000003,1
26.5500000000011,208.799999999996,4
29.0500000000011,135.299999999996,10
-343.749999999998,40.9999999999927,10
336.850000000002,277.799999999996,1
194.350000000002,-335.900000000009,10
344.850000000002,60.2999999999956,3
-189.849999999999,-49.9000000000087,3
-310.049999999999,87.5999999999913,10
286.250000000002,-214.700000000004,10
-122.349999999999,-8.70000000000437,3
122.350000000002,-300.600000000006,1
-97.5499999999993,17.5999999999913,4
-331.849999999999,345.799999999996,3
-59.8499999999985,-246.500000000007,4
-363.149999999998,247.999999999993,4
-62.2499999999982,-297.100000000006,1
-104.949999999999,177.499999999993,4
-12.6499999999978,-224.100000000006,10
160.650000000001,70.2999999999956,4
-206.749999999998,82.1999999999971,10
-297.649999999998,102.499999999993,1
-241.049999999999,40.9999999999927,4
-202.249999999998,-25.1000000000058,3
325.450000000001,-274.300000000003,10
319.450000000001,-270.300000000003,10
364.650000000001,175.999999999993,3
-97.5499999999993,-51.9000000000087,4
338.850000000002,-149.700000000004,4
433.150000000001,188.899999999994,1
123.850000000002,-289.700000000004,10
278.250000000002,-130.300000000003,4
310.550000000001,99.5999999999913,10
-396.449999999999,293.699999999997,10
171.050000000001,-337.800000000003,3
-231.549999999999,-136.300000000003,1
-169.049999999999,-3.20000000000437,1
-157.149999999998,-19.6000000000058,4
-226.649999999998,261.399999999994,3
-193.349999999999,115.399999999994,10
-117.849999999999,-101.000000000007,10
-188.349999999999,199.299999999996,1
-139.749999999998,-162.600000000006,5
35.0500000000011,-285.200000000004,10
-200.849999999999,33.4999999999927,3
-41.9499999999989,-47.4000000000087,3
360.650000000001,84.1999999999971,1
-71.7499999999982,-2.20000000000437,10
258.450000000001,203.299999999996,4
-71.7499999999982,-86.1000000000058,3
442.650000000001,-48.9000000000087,10
96.0500000000011,-312.500000000007,3
269.350000000002,-212.700000000004,1
-41.9499999999989,-286.200000000004,4
204.350000000002,-110.000000000007,10
278.750000000002,-122.900000000009,10
383.050000000001,184.399999999994,3
258.450000000001,42.4999999999927,1
-146.149999999998,75.6999999999971,10
360.250000000002,51.3999999999942,2
-112.449999999999,34.9999999999927,4
146.250000000002,-338.300000000003,4
360.250000000002,-295.100000000006,10
-149.649999999998,-36.5000000000073,4
350.750000000002,-93.6000000000058,10
401.950000000001,-17.1000000000058,10
315.050000000001,-112.400000000009,1
-230.049999999999,222.699999999997,4
-71.2499999999982,225.699999999997,4
228.650000000001,-146.200000000004,10
-241.549999999999,79.6999999999971,1
254.450000000001,-272.800000000003,1
-155.649999999998,30.9999999999927,10
288.250000000002,-90.1000000000058,1
330.450000000001,-235.600000000006,2
-107.449999999999,-13.1000000000058,2
207.750000000002,-153.200000000004,1
-191.349999999999,18.5999999999913,4
352.750000000002,-160.600000000006,1
-7.64999999999782,211.299999999996,10
274.850000000002,-76.7000000000044,5
-415.249999999998,-339.300000000003,4
455.050000000001,-25.1000000000058,10
-224.649999999998,287.699999999997,4
285.250000000002,-209.300000000003,10
-28.0499999999993,163.599999999991,5
158.650000000001,-317.500000000007,3
-90.0499999999993,-39.5000000000073,4
209.750000000002,-123.400000000009,10
-318.949999999999,-51.4000000000087,3
210.750000000002,-279.700000000004,4
-117.849999999999,18.0999999999913,2
317.050000000001,-136.800000000003,10
-315.449999999999,80.1999999999971,4
370.650000000001,-161.600000000006,10
281.250000000002,-260.400000000009,10
-463.449999999999,345.799999999996,10
252.950000000001,-265.800000000003,1
417.250000000002,194.899999999994,10
-113.949999999999,-309.500000000007,10
-137.249999999998,57.3999999999942,10
21.6500000000015,-290.700000000004,5
257.950000000001,-154.100000000006,4
347.750000000002,274.299999999996,10
-409.849999999999,314.499999999993,2
-76.6499999999978,-0.200000000004366,10
-17.1499999999978,158.099999999991,8
71.7500000000018,-300.600000000006,10
-79.6499999999978,-101.000000000007,10
-67.7499999999982,-269.300000000003,1
-75.6499999999978,-173.000000000007,10
377.550000000001,-240.500000000007,4
-142.749999999998,-16.1000000000058,10
308.050000000001,-115.900000000009,4
-113.949999999999,140.299999999996,2
238.550000000001,-138.300000000003,10
-343.749999999998,262.399999999994,10
-89.5499999999993,-18.1000000000058,3
378.550000000001,-292.200000000004,10
-155.149999999998,-110.000000000007,8
266.850000000002,-219.200000000004,4
166.550000000001,-274.800000000003,1
-152.649999999998,239.099999999991,2
150.650000000001,-321.500000000007,10
404.350000000002,178.999999999993,1
243.050000000001,-283.700000000004,10
84.6500000000015,-264.400000000009,10
-330.349999999999,211.799999999996,1
121.850000000002,-329.400000000009,10
-71.7499999999982,-323.400000000009,10
-43.9499999999989,-289.700000000004,4
-188.349999999999,-114.400000000009,2
72.7500000000018,-324.400000000009,4
391.450000000001,-281.700000000004,4
270.850000000002,-131.300000000003,8
278.750000000002,272.299999999996,4
-51.8499999999985,-68.3000000000029,2
30.5500000000011,-303.100000000006,3
-97.0499999999993,261.899999999994,3
-259.849999999999,298.599999999991,1
196.350000000002,-130.800000000003,4
247.950000000001,-264.400000000009,1
-96.5499999999993,-25.1000000000058,8
270.350000000002,-89.6000000000058,2
241.050000000001,-239.500000000007,1
-108.949999999999,137.799999999996,10
-117.449999999999,47.8999999999942,4
333.350000000002,-208.800000000003,10
-100.549999999999,-2.20000000000437,3
245.550000000001,-275.800000000003,1
308.050000000001,-267.300000000003,4
-135.749999999998,224.699999999997,1
291.650000000001,205.299999999996,5
-281.749999999998,231.099999999991,1
-269.349999999999,144.699999999997,2
343.850000000002,53.8999999999942,10
321.950000000001,-283.700000000004,1
-56.3499999999985,-126.800000000003,10
-191.849999999999,271.299999999996,3
431.150000000001,123.899999999994,10
241.550000000001,-264.400000000009,10
259.450000000001,-86.6000000000058,1
73.2500000000018,-291.200000000004,10
-323.449999999999,-315.000000000007,10
349.250000000002,-137.800000000003,10
171.550000000001,-321.000000000007,10
390.450000000001,-256.900000000009,4
-110.949999999999,-0.700000000004366,1
-125.349999999999,-15.1000000000058,4
14.1500000000015,-325.900000000009,10
-139.749999999998,140.799999999996,10
398.450000000001,15.5999999999913,1
-76.1499999999978,-62.3000000000029,4
67.2500000000018,-326.400000000009,4
-301.049999999999,-41.4000000000087,4
382.550000000001,178.999999999993,10
-122.849999999999,-38.0000000000073,4
-158.649999999998,17.5999999999913,10
198.350000000002,-109.500000000007,10
-157.649999999998,40.9999999999927,1
-103.049999999999,-7.70000000000437,1
268.850000000002,-115.900000000009,1
-138.249999999998,20.5999999999913,8
305.550000000001,-97.0000000000073,2
-285.249999999998,-116.400000000009,10
348.750000000002,-210.200000000004,10
307.550000000001,-129.300000000003,1
166.050000000001,-328.900000000009,1
-122.849999999999,-32.5000000000073,1
-52.3499999999985,-43.9000000000087,3
-207.249999999998,11.1999999999971,1
133.850000000002,-299.100000000006,8
-110.949999999999,45.8999999999942,4
-305.549999999999,258.399999999994,10
214.250000000002,-117.900000000009,4
237.550000000001,-144.200000000004,10
442.150000000001,138.799999999996,4
233.150000000001,-95.1000000000058,10
314.550000000001,-197.300000000003,4
253.450000000001,-243.500000000007,1
294.650000000001,230.099999999991,10
-146.149999999998,-7.70000000000437,4
-224.649999999998,64.2999999999956,4
147.250000000002,-325.900000000009,4
463.450000000001,54.3999999999942,3
365.650000000001,142.699999999997,1
345.850000000002,-73.2000000000044,10
453.550000000001,192.399999999994,1
388.450000000001,-123.400000000009,10
-87.6499999999978,-5.20000000000437,10
-115.949999999999,220.199999999997,10
416.750000000002,-110.000000000007,2
339.350000000002,180.999999999993,5
268.350000000002,184.899999999994,4
216.250000000002,254.399999999994,4
166.550000000001,-341.800000000003,10
-189.349999999999,26.0999999999913,3
365.650000000001,-131.300000000003,5
-3.24999999999818,-235.600000000006,1
-329.849999999999,-94.1000000000058,1
335.350000000002,-127.300000000003,10
17.6500000000015,-285.700000000004,5
-140.249999999998,132.799999999996,10
302.150000000001,-264.400000000009,10
367.150000000001,-118.400000000009,1
-334.849999999999,244.499999999993,1
-91.5499999999993,15.1999999999971,3
-137.749999999998,148.699999999997,4
-124.349999999999,-84.1000000000058,1
-363.149999999998,317.999999999993,10
151.650000000001,-306.100000000006,8
-308.549999999999,223.199999999997,3
458.550000000001,82.1999999999971,3
-156.649999999998,7.69999999999709,10
-169.049999999999,-39.0000000000073,8
381.050000000001,167.599999999991,1
-182.949999999999,299.599999999991,4
110.450000000001,-290.700000000004,10
-235.049999999999,73.1999999999971,4
-282.249999999998,49.8999999999942,3
376.050000000001,-20.1000000000058,3
447.050000000001,267.399999999994,10
-142.749999999998,32.4999999999927,10
460.950000000001,213.199999999997,4
423.250000000002,-273.300000000003,4
211.750000000002,-68.8000000000029,1
322.450000000001,240.099999999991,5
-71.2499999999982,-40.5000000000073,3
29.5500000000011,-326.400000000009,4
277.750000000002,-244.000000000007,10
-443.549999999999,346.799999999996,10
-186.449999999999,87.5999999999913,4
268.350000000002,-145.200000000004,4
356.250000000002,181.999999999993,4
176.550000000001,-288.200000000004,4
-144.749999999998,0.299999999995634,1
-174.949999999999,-70.2000000000044,1
390.450000000001,-28.5000000000073,2
85.1500000000015,-274.800000000003,4
-117.849999999999,24.5999999999913,10
286.750000000002,-146.200000000004,4
332.850000000002,-221.700000000004,10
434.150000000001,207.299999999996,10
-161.549999999999,11.6999999999971,3
-177.449999999999,13.6999999999971,4
320.950000000001,141.799999999996,1
-97.0499999999993,23.0999999999913,4
385.050000000001,-158.600000000006,5
-287.149999999998,-321.500000000007,2
-74.7499999999982,-183.400000000009,1
-249.449999999999,239.099999999991,10
401.450000000001,202.299999999996,10
-161.549999999999,-32.0000000000073,4
165.050000000001,-291.200000000004,6
-81.1499999999978,114.399999999994,1
292.150000000001,173.499999999993,2
-134.749999999998,138.299999999996,4
200.350000000002,-90.6000000000058,3
-149.149999999998,42.4999999999927,3
-64.2499999999982,-48.9000000000087,4
379.050000000001,-110.500000000007,10
271.350000000002,-281.700000000004,10
289.750000000002,201.799999999996,3
263.350000000002,185.899999999994,10
-109.949999999999,17.5999999999913,10
-147.149999999998,-20.1000000000058,4
-57.8499999999985,-80.2000000000044,4
450.550000000001,10.6999999999971,10
42.4500000000007,119.399999999994,4
377.050000000001,-286.700000000004,8
-202.749999999998,83.6999999999971,10
227.650000000001,-280.700000000004,10
-242.549999999999,35.9999999999927,4
-271.849999999999,-57.3000000000029,2
-379.549999999999,-319.000000000007,4
-137.249999999998,-83.6000000000058,3
-155.149999999998,94.5999999999913,4
-154.649999999998,-9.70000000000437,4
245.050000000001,-267.300000000003,10
220.650000000001,-86.1000000000058,1
-126.849999999999,197.399999999994,4
452.050000000001,224.699999999997,4
-164.049999999999,-21.1000000000058,4
4.25000000000182,-335.900000000009,10
332.850000000002,235.599999999991,1
-121.849999999999,9.69999999999709,4
-79.6499999999978,-289.200000000004,4
-398.849999999999,255.399999999994,4
-230.049999999999,62.7999999999956,2
304.050000000001,-302.100000000006,10
395.950000000001,135.799999999996,10
-285.749999999998,-95.1000000000058,4
317.550000000001,150.699999999997,4
36.5500000000011,-307.600000000006,10
-376.549999999999,271.799999999996,10
217.250000000002,-255.900000000009,1
149.250000000002,-347.300000000003,3
-54.3499999999985,-75.7000000000044,10
-184.449999999999,-22.6000000000058,4
353.750000000002,226.199999999997,10
-92.0499999999993,254.399999999994,1
-93.5499999999993,-333.400000000009,1
-140.249999999998,136.799999999996,10
-245.949999999999,8.19999999999709,10
-345.749999999998,-49.9000000000087,6
-136.749999999998,6.69999999999709,4
-119.849999999999,52.3999999999942,1
-91.0499999999993,-59.8000000000029,4
-192.849999999999,-6.70000000000437,4
48.4500000000007,-289.700000000004,2
89.1500000000015,-283.200000000004,10
-216.149999999998,13.1999999999971,10
-147.149999999998,-27.0000000000073,1
432.650000000001,103.499999999993,4
250.950000000001,-120.400000000009,1
367.650000000001,-226.600000000006,10
316.550000000001,-280.700000000004,10
-290.649999999998,248.499999999993,10
-317.449999999999,200.299999999996,4
248.950000000001,-80.7000000000044,4
262.350000000002,-122.400000000009,10
-445.049999999999,312.499999999993,1
-261.849999999999,75.1999999999971,10
-41.9499999999989,212.199999999997,4
440.150000000001,-8.70000000000437,4
267.350000000002,-204.300000000003,3
-72.7499999999982,-16.1000000000058,2
375.050000000001,177.999999999993,10
-148.649999999998,56.8999999999942,1
-127.849999999999,52.8999999999942,1
-102.549999999999,17.0999999999913,10
-121.349999999999,58.2999999999956,3
165.050000000001,-337.800000000003,3
-283.249999999998,264.399999999994,1
-204.749999999998,-6.20000000000437,3
-60.8499999999985,-154.100000000006,3
-156.149999999998,69.7999999999956,4
-66.2499999999982,-186.400000000009,10
327.450000000001,-136.300000000003,10
312.050000000001,-155.100000000006,4
-182.449999999999,-0.700000000004366,4
-50.8499999999985,-290.200000000004,1
-127.349999999999,31.9999999999927,10
234.050000000001,-302.600000000006,3
321.450000000001,-163.100000000006,5
-223.649999999998,341.799999999996,4
-151.149999999998,6.19999999999709,10
351.750000000002,-113.900000000009,3
294.150000000001,-123.400000000009,1
396.450000000001,-154.600000000006,3
-93.5499999999993,2.69999999999709,4
324.450000000001,-193.900000000009,1
-251.949999999999,23.5999999999913,10
-96.5499999999993,27.0999999999913,1
-95.0499999999993,-12.6000000000058,4
435.150000000001,-286.700000000004,1
364.650000000001,-147.700000000004,4
379.050000000001,157.099999999991,10
286.250000000002,-257.900000000009,1
283.250000000002,-268.300000000003,10
418.250000000002,170.099999999991,10
219.250000000002,-172.500000000007,2
-90.5499999999993,-315.000000000007,10
-44.4499999999989,159.099999999991,4
187.950000000001,-125.300000000003,10
297.650000000001,-196.300000000003,1
365.650000000001,119.899999999994,10
326.950000000001,-121.400000000009,10
-144.749999999998,7.69999999999709,8
-99.0499999999993,7.19999999999709,4
349.750000000002,-217.200000000004,3
235.550000000001,-314.000000000007,4
406.350000000002,123.899999999994,1
374.550000000001,-167.500000000007,1
-353.249999999998,324.499999999993,4
-315.449999999999,-112.400000000009,3
-117.449999999999,-316.500000000007,5
231.650000000001,-87.1000000000058,1
110.950000000001,-261.400000000009,1
-204.749999999998,-69.2000000000044,1
-67.2499999999982,-66.3000000000029,4
-227.649999999998,238.599999999991,8
58.3500000000022,-341.800000000003,4
-178.449999999999,-22.1000000000058,5
-5.14999999999782,224.199999999997,3
-161.549999999999,185.399999999994,10
355.250000000002,144.699999999997,10
-324.949999999999,326.399999999994,1
349.750000000002,166.599999999991,1
441.650000000001,192.899999999994,10
-359.649999999998,347.299999999996,3
-156.649999999998,-14.1000000000058,10
-210.749999999998,-21.1000000000058,10
-174.949999999999,-5.20000000000437,4
125.850000000002,85.1999999999971,2
254.950000000001,-117.400000000009,10
-81.6499999999978,195.399999999994,3
363.650000000001,12.1999999999971,1
-159.149999999998,250.499999999993,4
227.150000000001,-208.800000000003,1
-117.449999999999,-21.1000000000058,1
321.950000000001,-234.600000000006,3
-236.549999999999,8.19999999999709,5
-155.649999999998,-71.2000000000044,1
220.650000000001,-100.500000000007,1
-174.449999999999,-14.1000000000058,4
-145.249999999998,18.0999999999913,3
378.050000000001,-159.100000000006,1
287.250000000002,-102.000000000007,10
-411.349999999999,269.299999999996,10
-96.5499999999993,11.6999999999971,4
-127.349999999999,-100.500000000007,2
232.150000000001,-127.300000000003,10
340.850000000002,-243.500000000007,2
-179.949999999999,66.2999999999956,1
-311.049999999999,171.499999999993,1
278.250000000002,-185.900000000009,1
107.450000000001,-337.300000000003,3
271.350000000002,-188.900000000009,10
-118.349999999999,-52.9000000000087,1
374.550000000001,-125.800000000003,4
359.250000000002,156.099999999991,1
145.750000000002,-308.500000000007,1
319.950000000001,-150.200000000004,4
258.450000000001,213.699999999997,4
46.9500000000007,-281.700000000004,4
367.150000000001,-169.000000000007,1
409.350000000002,274.299999999996,1
-312.049999999999,-45.4000000000087,10
399.450000000001,178.499999999993,10
-92.0499999999993,111.999999999993,4
355.750000000002,174.499999999993,4
194.350000000002,-67.3000000000029,2
-97.5499999999993,-90.1000000000058,4
256.950000000001,-197.300000000003,10
-69.7499999999982,-101.500000000007,2
372.650000000001,-136.800000000003,4
194.350000000002,-141.700000000004,1
-414.749999999998,-327.900000000009,1
-396.449999999999,182.499999999993,4
350.750000000002,-129.300000000003,10
-208.749999999998,45.3999999999942,1
-52.8499999999985,-16.6000000000058,1
334.850000000002,-239.500000000007,10
318.450000000001,264.899999999994,4
60.3500000000022,-346.300000000003,3
-70.7499999999982,-54.8000000000029,1
-188.349999999999,191.899999999994,1
-189.849999999999,-68.8000000000029,3
270.350000000002,-287.200000000004,10
30.0500000000011,210.299999999996,1
72.2500000000018,-316.000000000007,10
-192.849999999999,61.7999999999956,1
-58.3499999999985,-88.6000000000058,10
330.950000000001,-35.5000000000073,4
-184.949999999999,53.3999999999942,4
174.050000000001,83.6999999999971,1
278.250000000002,-88.1000000000058,3
-213.749999999998,36.9999999999927,10
294.150000000001,-95.6000000000058,5
-173.049999999999,86.5999999999913,4
380.550000000001,266.399999999994,5
133.850000000002,-338.800000000003,4
-436.649999999998,314.499999999993,3
-324.949999999999,253.499999999993,10
270.850000000002,7.19999999999709,3
-309.049999999999,20.5999999999913,10
344.850000000002,-228.600000000006,4
269.850000000002,-251.900000000009,4
171.050000000001,-311.000000000007,1
263.350000000002,199.799999999996,10
-69.7499999999982,-61.8000000000029,10
427.750000000002,178.999999999993,2
-110.949999999999,-14.6000000000058,4
211.750000000002,-289.700000000004,4
-302.549999999999,93.5999999999913,10
416.750000000002,-264.900000000009,10
-38.4499999999989,-28.5000000000073,10
-31.5499999999993,195.899999999994,4
357.250000000002,-218.700000000004,10
-201.349999999999,5.69999999999709,4
349.250000000002,277.799999999996,4
-195.849999999999,-28.5000000000073,2
263.350000000002,-187.900000000009,1
-248.949999999999,337.899999999994,4
-158.649999999998,-23.1000000000058,4
-47.3499999999985,155.699999999997,4
175.050000000001,-297.100000000006,1
254.450000000001,-282.700000000004,10
-171.549999999999,-31.5000000000073,10
287.750000000002,-105.500000000007,10
-204.249999999998,26.5999999999913,4
-296.149999999998,193.899999999994,1
60.8500000000022,-324.400000000009,10
-37.9499999999989,-78.7000000000044,1
39.9500000000007,-321.500000000007,1
348.750000000002,-237.100000000006,10
-356.649999999998,307.099999999991,10
-305.549999999999,4.69999999999709,1
141.750000000002,-133.300000000003,3
447.550000000001,-14.6000000000058,4
251.950000000001,-231.100000000006,10
260.450000000001,-251.900000000009,10
319.950000000001,-264.900000000009,4
329.450000000001,-130.300000000003,3
225.150000000001,85.1999999999971,1
27.0500000000011,-342.300000000003,1
185.450000000001,-104.500000000007,4
298.650000000001,-192.400000000009,10
-293.149999999998,-321.500000000007,4
264.850000000002,-195.300000000003,1
395.950000000001,-305.100000000006,1
-285.249999999998,84.1999999999971,3
-174.949999999999,94.0999999999913,10
235.050000000001,-342.800000000003,1
-185.449999999999,268.799999999996,1
-50.8499999999985,-265.800000000003,2
-6.64999999999782,157.099999999991,1
95.5500000000011,-320.000000000007,5
355.750000000002,-156.600000000006,4
-1.24999999999818,-330.900000000009,4
-144.249999999998,-131.800000000003,4
-236.549999999999,-97.0000000000073,2
127.350000000002,-286.200000000004,10
140.250000000002,-280.200000000004,10
-136.749999999998,-20.6000000000058,1
305.050000000001,-251.000000000007,4
264.350000000002,-258.900000000009,3
-294.149999999998,-109.000000000007,4
384.550000000001,196.899999999994,3
-294.149999999998,-325.900000000009,4
186.450000000001,-326.400000000009,10
-11.6499999999978,145.199999999997,2
331.950000000001,-86.6000000000058,10
269.350000000002,180.499999999993,10
-120.849999999999,-58.3000000000029,5
-217.649999999998,-75.2000000000044,4
-272.249999999998,-38.0000000000073,10
-156.149999999998,-158.100000000006,4
187.450000000001,-99.0000000000073,2
331.450000000001,-199.800000000003,4
-156.649999999998,242.499999999993,2
272.350000000002,-198.800000000003,10
-7.64999999999782,125.899999999994,10
142.250000000002,-338.800000000003,4
-196.349999999999,-68.3000000000029,4
270.850000000002,-268.800000000003,5
-156.149999999998,60.7999999999956,10
-390.949999999999,329.399999999994,4
-174.949999999999,-25.6000000000058,10
-103.949999999999,-167.500000000007,4
-323.449999999999,322.499999999993,4
-160.549999999999,-17.1000000000058,10
-160.049999999999,66.7999999999956,4
453.550000000001,27.5999999999913,1
321.950000000001,-92.1000000000058,1
341.850000000002,-218.700000000004,1
-305.549999999999,-120.900000000009,10
-185.949999999999,-89.1000000000058,4
62.3500000000022,-297.100000000006,10
78.7500000000018,-295.600000000006,10
-71.7499999999982,-272.800000000003,10
55.8500000000022,154.699999999997,1
350.750000000002,177.999999999993,4
400.950000000001,24.0999999999913,5
354.250000000002,-127.800000000003,1
-414.749999999998,266.899999999994,1
-141.749999999998,228.599999999991,4
-46.9499999999989,-47.9000000000087,4
147.750000000002,-316.000000000007,1
-128.349999999999,12.1999999999971,6
457.050000000001,205.299999999996,10
439.150000000001,201.799999999996,1
291.150000000001,-132.300000000003,10
-343.749999999998,35.9999999999927,1
402.850000000002,126.899999999994,4
-103.549999999999,4.19999999999709,10
-208.749999999998,138.299999999996,10
-46.9499999999989,212.699999999997,10
396.950000000001,72.6999999999971,4
-199.349999999999,-19.6000000000058,1
189.450000000001,-322.400000000009,10
316.050000000001,-93.1000000000058,4
259.450000000001,-202.800000000003,10
170.050000000001,-282.200000000004,1
111.450000000001,-254.900000000009,10
-236.049999999999,13.1999999999971,10
430.650000000001,47.3999999999942,1
160.650000000001,-297.600000000006,10
15.6500000000015,-289.700000000004,2
234.550000000001,-272.800000000003,4
217.750000000002,-124.400000000009,3
379.550000000001,15.5999999999913,10
-103.049999999999,224.699999999997,1
-62.2499999999982,225.699999999997,4
241.050000000001,-77.7000000000044,4
131.350000000002,-346.800000000003,3
424.250000000002,-54.4000000000087,1
222.150000000001,-95.6000000000058,1
-219.149999999998,-85.6000000000058,10
108.950000000001,-285.200000000004,10
361.150000000001,192.399999999994,1
41.4500000000007,-286.200000000004,10
371.150000000001,-198.300000000003,4
408.350000000002,29.9999999999927,4
-133.749999999998,-2.20000000000437,4
73.7500000000018,116.399999999994,3
-309.549999999999,93.5999999999913,4
6.75000000000182,-326.900000000009,4
-176.949999999999,25.5999999999913,10
190.950000000001,-342.300000000003,10
462.450000000001,116.899999999994,10
36.5500000000011,-288.700000000004,10
-76.1499999999978,230.099999999991,4
-66.7499999999982,-4.70000000000437,1
-76.6499999999978,235.099999999991,10
273.350000000002,-220.700000000004,10
-83.1499999999978,-6.20000000000437,4
-144.749999999998,-144.200000000004,4
-316.449999999999,235.099999999991,10
-91.5499999999993,9.69999999999709,4
-155.149999999998,3.19999999999709,10
321.450000000001,118.899999999994,1
-135.249999999998,25.0999999999913,4
-198.849999999999,-46.9000000000087,4
-61.3499999999985,-38.5000000000073,1
276.750000000002,-190.400000000009,10
-212.249999999998,-96.6000000000058,10
-162.049999999999,62.7999999999956,10
136.750000000002,-306.600000000006,4
-69.7499999999982,244.499999999993,1
390.950000000001,-297.100000000006,1
-316.449999999999,-83.1000000000058,10
-183.949999999999,-32.5000000000073,1
-298.149999999998,-346.800000000003,3
-108.449999999999,6.69999999999709,4
-240.549999999999,281.799999999996,1
223.650000000001,-250.500000000007,10
104.050000000001,-124.900000000009,2
-276.249999999998,-67.3000000000029,10
229.150000000001,-119.900000000009,1
-9.14999999999782,-241.500000000007,10
51.3500000000022,-312.000000000007,10
-307.049999999999,-116.900000000009,3
462.950000000001,247.499999999993,3
-95.0499999999993,-5.70000000000437,10
301.650000000001,-181.900000000009,10
-112.449999999999,-30.0000000000073,4
301.150000000001,146.199999999997,10
-162.549999999999,54.3999999999942,1
-340.349999999999,-314.500000000007,10
-212.249999999998,222.699999999997,4
-111.449999999999,266.899999999994,4
-124.349999999999,-53.9000000000087,10
394.450000000001,42.4999999999927,4
301.650000000001,224.199999999997,1
-0.749999999998181,-225.600000000006,10
-246.949999999999,92.0999999999913,4
348.250000000002,129.299999999996,10
-63.2499999999982,-331.900000000009,4
157.650000000001,-271.800000000003,4
-104.949999999999,22.5999999999913,4
400.950000000001,218.199999999997,4
281.750000000002,183.499999999993,4
411.850000000002,163.599999999991,4
418.250000000002,-268.800000000003,10
401.450000000001,12.6999999999971,10
-72.7499999999982,248.499999999993,3
-108.449999999999,38.4999999999927,2
128.850000000002,-328.400000000009,10
369.150000000001,-221.700000000004,1
270.850000000002,-233.100000000006,10
-131.749999999998,-28.5000000000073,4
-283.749999999998,-72.7000000000044,4
160.150000000001,-344.800000000003,10
370.150000000001,-239.500000000007,1
79.6500000000015,-286.200000000004,10
-243.549999999999,207.299999999996,2
436.150000000001,46.8999999999942,4
-237.549999999999,62.7999999999956,3
-65.2499999999982,135.799999999996,10
258.950000000001,-157.600000000006,10
409.350000000002,33.9999999999927,2
246.550000000001,-281.200000000004,3
-77.6499999999978,-11.2000000000044,10
224.150000000001,-216.700000000004,10
-83.6499999999978,-100.000000000007,2
-113.449999999999,22.0999999999913,10
-208.249999999998,-58.8000000000029,3
-181.449999999999,-48.9000000000087,8
197.850000000002,-346.800000000003,3
-150.649999999998,-17.6000000000058,1
217.750000000002,-140.200000000004,10
-217.149999999998,246.999999999993,2
103.050000000001,-283.700000000004,10
374.150000000001,-298.100000000006,8
224.650000000001,-78.2000000000044,4
384.050000000001,-229.600000000006,10
-177.449999999999,2.69999999999709,3
-236.549999999999,46.3999999999942,1
59.3500000000022,-288.700000000004,4
345.350000000002,-161.600000000006,3
-143.249999999998,-69.7000000000044,1
-51.3499999999985,146.699999999997,4
355.250000000002,-212.200000000004,4
278.250000000002,171.999999999993,10
288.750000000002,-196.800000000003,10
107.050000000001,-299.100000000006,10
-19.5499999999993,-263.400000000009,4
-112.449999999999,-25.6000000000058,4
144.750000000002,-321.500000000007,10
-76.1499999999978,-40.0000000000073,4
171.550000000001,-342.800000000003,10
-96.0499999999993,-37.5000000000073,1
294.650000000001,208.799999999996,3
209.750000000002,-136.800000000003,4
-84.1499999999978,25.0999999999913,1
28.0500000000011,116.899999999994,10
361.650000000001,-135.800000000003,3
-158.649999999998,-129.300000000003,10
-212.249999999998,254.399999999994,1
84.1500000000015,-317.000000000007,1
244.550000000001,-292.200000000004,10
-117.849999999999,-29.5000000000073,4
262.350000000002,-99.5000000000073,4
78.2500000000018,119.399999999994,10
311.550000000001,206.799999999996,1
427.250000000002,207.299999999996,10
115.450000000001,-283.200000000004,10
-221.149999999998,-64.8000000000029,4
-128.349999999999,191.899999999994,10
-165.549999999999,56.8999999999942,4
83.1500000000015,106.499999999993,2
-325.949999999999,183.499999999993,10
377.050000000001,56.8999999999942,10
346.750000000002,-118.400000000009,2
-178.949999999999,55.8999999999942,10
-215.749999999998,21.0999999999913,1
-102.549999999999,29.0999999999913,4
237.550000000001,-151.200000000004,3
-84.6499999999978,-12.6000000000058,4
192.350000000002,-111.000000000007,4
189.450000000001,-116.900000000009,10
-168.049999999999,-26.6000000000058,10
243.550000000001,-340.300000000003,1
412.350000000002,-279.700000000004,10
423.250000000002,-0.700000000004366,10
-173.549999999999,31.9999999999927,1
388.050000000001,59.7999999999956,4
-272.749999999998,-140.700000000004,4
296.150000000001,128.799999999996,4
427.250000000002,-279.300000000003,10
-144.249999999998,-104.000000000007,4
215.750000000002,-289.200000000004,4
-149.649999999998,-69.2000000000044,1
12.6500000000015,-23.6000000000058,4
234.550000000001,-277.800000000003,10
-145.249999999998,44.8999999999942,4
82.6500000000015,-298.100000000006,4
78.2500000000018,-281.700000000004,10
-103.549999999999,-24.6000000000058,1
-280.249999999998,132.799999999996,10
308.050000000001,-279.700000000004,10
-239.549999999999,157.099999999991,10
321.450000000001,250.999999999993,10
171.050000000001,-325.400000000009,1
-77.6499999999978,-25.1000000000058,4
333.350000000002,-109.000000000007,10
317.550000000001,146.699999999997,4
454.550000000001,210.299999999996,2
-273.249999999998,339.799999999996,10
-102.049999999999,40.9999999999927,1
-139.249999999998,-0.700000000004366,4
-230.549999999999,-78.2000000000044,4
-261.349999999999,125.899999999994,1
259.950000000001,-270.800000000003,2
-286.249999999998,103.999999999993,1
-145.649999999998,60.7999999999956,10
309.550000000001,261.399999999994,10
262.850000000002,192.399999999994,10
276.250000000002,-228.600000000006,4
-305.049999999999,-24.6000000000058,1
314.050000000001,-256.400000000009,1
-216.649999999998,334.899999999994,2
-252.449999999999,90.5999999999913,1
-94.0499999999993,-318.500000000007,2
-110.949999999999,51.8999999999942,2
349.750000000002,-99.0000000000073,3
393.950000000001,143.199999999997,10
281.750000000002,-277.800000000003,10
-94.0499999999993,-69.7000000000044,1
-37.4499999999989,-35.0000000000073,2
257.450000000001,-189.400000000009,10
-303.549999999999,-9.70000000000437,10
405.350000000002,48.3999999999942,4
-248.949999999999,202.799999999996,10
357.250000000002,-179.500000000007,10
-200.349999999999,11.6999999999971,1
-276.249999999998,151.699999999997,10
312.550000000001,-291.700000000004,10
-318.949999999999,-115.400000000009,10
-403.349999999999,-319.500000000007,10
-267.349999999999,-25.1000000000058,4
198.850000000002,-166.600000000006,3
-164.549999999999,252.999999999993,10
-67.2499999999982,-325.400000000009,4
258.450000000001,-275.300000000003,10
128.350000000002,-304.600000000006,1
-176.449999999999,43.8999999999942,2
-82.1499999999978,-17.1000000000058,4
72.2500000000018,-330.400000000009,1
345.350000000002,-234.600000000006,4
-168.549999999999,44.8999999999942,4
-74.7499999999982,-33.0000000000073,1
-92.5499999999993,-54.4000000000087,4
420.250000000002,75.1999999999971,10
-121.349999999999,-45.9000000000087,1
-21.5499999999993,113.899999999994,10
15.6500000000015,-307.600000000006,10
108.450000000001,-317.500000000007,10
258.950000000001,-194.400000000009,10
425.250000000002,-284.200000000004,10
-149.149999999998,-3.20000000000437,4
335.850000000002,-215.700000000004,2
297.150000000001,-130.300000000003,10
322.450000000001,-127.800000000003,3
-269.849999999999,-30.0000000000073,4
257.450000000001,-246.500000000007,4
407.350000000002,168.599999999991,10
356.750000000002,-235.100000000006,10
-66.7499999999982,120.399999999994,1
14.6500000000015,-61.8000000000029,1
-84.6499999999978,-21.6000000000058,10
431.650000000001,63.7999999999956,4
-326.949999999999,-19.6000000000058,10
151.150000000001,-269.300000000003,4
-105.449999999999,-49.9000000000087,4
364.650000000001,-215.700000000004,1
213.750000000002,-345.300000000003,3
462.450000000001,195.899999999994,2
249.450000000001,-109.500000000007,4
209.250000000002,-102.000000000007,1
285.250000000002,174.499999999993,3
303.150000000001,-192.900000000009,10
-272.749999999998,-129.800000000003,10
333.850000000002,-135.800000000003,1
258.950000000001,-80.7000000000044,4
74.2500000000018,-345.300000000003,1
-103.549999999999,-115.400000000009,10
-255.449999999999,-339.300000000003,4
-184.949999999999,-9.20000000000437,10
341.350000000002,-204.300000000003,10
128.350000000002,-310.000000000007,10
257.950000000001,-137.300000000003,1
-170.549999999999,-69.2000000000044,4
276.250000000002,-257.400000000009,10
430.650000000001,-277.300000000003,1
259.950000000001,-113.900000000009,3
243.550000000001,-205.300000000003,10
420.750000000002,82.1999999999971,10
255.450000000001,-210.700000000004,10
-178.949999999999,-14.6000000000058,10
312.050000000001,-302.600000000006,10
85.1500000000015,-268.300000000003,3
229.650000000001,-215.200000000004,10
255.450000000001,46.3999999999942,10
255.450000000001,-112.400000000009,10
65.2500000000018,-301.100000000006,10
225.650000000001,-284.200000000004,4
335.850000000002,-206.300000000003,10
268.350000000002,189.899999999994,3
295.650000000001,155.199999999997,10
110.950000000001,-314.500000000007,4
307.050000000001,-87.6000000000058,10
-192.849999999999,8.69999999999709,1
-262.349999999999,214.199999999997,4
82.6500000000015,-278.800000000003,1
-95.0499999999993,163.099999999991,3
413.350000000002,139.299999999996,10
-51.8499999999985,-26.1000000000058,4
407.350000000002,94.0999999999913,1
306.050000000001,-108.000000000007,3
-138.249999999998,32.9999999999927,10
9.65000000000146,-338.300000000003,10
121.850000000002,-286.200000000004,10
395.450000000001,46.8999999999942,10
-64.7499999999982,146.199999999997,3
105.050000000001,-272.300000000003,4
111.450000000001,-343.300000000003,10
-143.249999999998,-11.7000000000044,10
-77.1499999999978,-4.70000000000437,10
260.450000000001,-213.700000000004,4
392.450000000001,37.4999999999927,1
249.450000000001,-286.200000000004,10
259.950000000001,-280.200000000004,3
94.0500000000011,-281.200000000004,10
231.150000000001,-224.600000000006,4
46.4500000000007,-327.400000000009,10
237.550000000001,-221.700000000004,10
-190.349999999999,14.6999999999971,10
461.950000000001,-27.5000000000073,1
-219.149999999998,-58.3000000000029,3
437.650000000001,86.0999999999913,10
92.6500000000015,-268.300000000003,1
235.050000000001,-105.500000000007,5
-318.449999999999,337.899999999994,4
-214.249999999998,-71.7000000000044,10
-322.449999999999,-21.1000000000058,3
-40.9499999999989,-223.600000000006,1
-36.9499999999989,-219.700000000004,1
-283.249999999998,-329.900000000009,1
-186.949999999999,61.2999999999956,2
-53.3499999999985,216.699999999997,1
-209.749999999998,329.399999999994,4
-256.449999999999,119.399999999994,4
-147.149999999998,-13.1000000000058,10
-160.549999999999,46.3999999999942,1
385.550000000001,-109.500000000007,10
422.750000000002,-74.2000000000044,4
-68.2499999999982,-48.9000000000087,10
48.4500000000007,-330.900000000009,10
250.450000000001,-86.1000000000058,3
-314.049999999999,285.699999999997,2
-130.849999999999,-6.70000000000437,4
294.150000000001,-159.100000000006,4
413.350000000002,-263.400000000009,10
-90.0499999999993,29.9999999999927,1
310.050000000001,-79.7000000000044,10
153.150000000001,-339.300000000003,1
-103.549999999999,189.399999999994,4
-203.249999999998,38.9999999999927,10
293.650000000001,-259.400000000009,1
368.650000000001,3.19999999999709,10
385.050000000001,-164.100000000006,4
-6.14999999999782,-227.100000000006,3
-42.9499999999989,-155.100000000006,4
-254.449999999999,13.6999999999971,4
-189.349999999999,-73.2000000000044,4
-180.949999999999,-90.6000000000058,10
-153.149999999998,37.4999999999927,4
244.550000000001,224.199999999997,1
243.050000000001,-117.400000000009,10
360.250000000002,32.4999999999927,10
114.450000000001,-296.100000000006,4
168.550000000001,-346.800000000003,3
238.550000000001,-73.7000000000044,4
130.350000000002,81.1999999999971,2
117.950000000001,-344.300000000003,10
-121.849999999999,205.299999999996,1
-216.149999999998,213.699999999997,4
350.250000000002,217.699999999997,10
4.75000000000182,-323.900000000009,10
163.550000000001,-278.800000000003,10
-241.549999999999,231.099999999991,1
-182.449999999999,11.1999999999971,10
38.4500000000007,-281.200000000004,1
-116.949999999999,-84.1000000000058,10
-52.3499999999985,-58.3000000000029,1
418.250000000002,234.099999999991,10
290.650000000001,-251.900000000009,1
238.050000000001,-296.600000000006,4
359.750000000002,262.899999999994,4
383.050000000001,-249.000000000007,3
318.950000000001,-193.400000000009,10
-255.449999999999,-86.6000000000058,2
-250.949999999999,40.9999999999927,10
281.750000000002,-209.300000000003,10
-162.549999999999,-40.5000000000073,4
316.550000000001,-285.700000000004,4
-196.349999999999,204.799999999996,3
-191.849999999999,-19.6000000000058,1
275.350000000002,-267.800000000003,10
221.650000000001,-339.300000000003,1
226.650000000001,-244.000000000007,1
381.050000000001,83.6999999999971,4
256.450000000001,-237.500000000007,4
382.050000000001,-126.300000000003,4
171.050000000001,-303.100000000006,10
-83.6499999999978,-62.8000000000029,4
129.850000000002,-321.000000000007,10
-150.649999999998,270.299999999996,3
-165.549999999999,-31.0000000000073,4
15.6500000000015,-67.8000000000029,2
226.150000000001,-227.100000000006,4
-328.849999999999,-60.8000000000029,4
-364.649999999998,262.899999999994,1
434.150000000001,198.799999999996,4
200.850000000002,-337.300000000003,10
-207.749999999998,-17.1000000000058,10
262.850000000002,-224.100000000006,1
-202.749999999998,55.3999999999942,1
315.050000000001,-274.800000000003,4
261.850000000002,-140.200000000004,4
-140.249999999998,3.69999999999709,8
-208.249999999998,-11.2000000000044,10
237.050000000001,-215.200000000004,2
-368.649999999998,276.299999999996,10
-187.449999999999,5.69999999999709,10
-166.549999999999,50.8999999999942,2
402.450000000001,-137.800000000003,4
393.950000000001,-132.800000000003,10
300.150000000001,249.999999999993,4
300.150000000001,-142.700000000004,10
435.150000000001,-3.70000000000437,3
276.750000000002,-204.800000000003,10
282.750000000002,-51.9000000000087,10
339.850000000002,-234.100000000006,3
-266.349999999999,220.199999999997,4
-386.449999999999,-340.800000000003,10
213.250000000002,-81.7000000000044,10
371.650000000001,225.699999999997,10
256.450000000001,-92.6000000000058,10
-161.549999999999,242.999999999993,4
-275.249999999998,-48.9000000000087,4
-244.049999999999,239.599999999991,1
-135.749999999998,-120.900000000009,4
334.350000000002,-231.100000000006,3
34.0500000000011,-321.500000000007,1
-237.049999999999,261.899999999994,4
16.6500000000015,-339.800000000003,4
406.350000000002,-128.800000000003,1
-138.249999999998,-5.70000000000437,4
431.650000000001,-289.700000000004,10
246.550000000001,-196.300000000003,2
-107.449999999999,13.1999999999971,10
-371.549999999999,216.699999999997,4
310.050000000001,109.999999999993,2
101.050000000001,-318.500000000007,2
444.150000000001,210.299999999996,10
251.450000000001,-197.800000000003,1
302.650000000001,255.899999999994,4
-280.249999999998,-124.400000000009,10
-103.049999999999,-30.5000000000073,10
407.850000000002,-108.500000000007,10
328.450000000001,-271.300000000003,4
140.250000000002,-330.400000000009,4
256.450000000001,260.899999999994,3
-164.049999999999,22.0999999999913,10
-143.249999999998,-25.6000000000058,5
-233.549999999999,55.3999999999942,1
322.950000000001,134.299999999996,10
5.75000000000182,-303.100000000006,10
238.550000000001,-129.300000000003,10
351.750000000002,-229.100000000006,10
360.650000000001,170.499999999993,3
-241.549999999999,-97.0000000000073,4
108.450000000001,-310.500000000007,10
458.950000000001,130.299999999996,1
293.150000000001,-185.900000000009,4
-164.549999999999,136.299999999996,10
-92.0499999999993,-133.800000000003,3
-320.449999999999,81.1999999999971,1
-74.7499999999982,-137.800000000003,4
380.050000000001,65.7999999999956,4
426.250000000002,257.899999999994,3
-240.549999999999,236.599999999991,6
361.650000000001,-6.70000000000437,4
239.550000000001,-94.6000000000058,10
-81.1499999999978,1.29999999999563,10
362.650000000001,-109.500000000007,10
-17.6499999999978,-268.300000000003,1
357.750000000002,197.899999999994,3
430.650000000001,204.299999999996,1
-214.249999999998,-90.1000000000058,4
-135.749999999998,130.799999999996,10
315.550000000001,-141.200000000004,4
85.1500000000015,149.199999999997,4
-119.349999999999,42.4999999999927,4
354.250000000002,155.699999999997,10
435.650000000001,-117.400000000009,4
-188.849999999999,21.5999999999913,10
-67.7499999999982,-335.900000000009,3
379.550000000001,60.2999999999956,3
-195.349999999999,-0.700000000004366,10
-104.449999999999,-347.300000000003,3
19.1500000000015,-345.800000000003,3
-85.6499999999978,-25.6000000000058,10
-338.849999999999,-69.2000000000044,4
-169.049999999999,38.4999999999927,1
69.7500000000018,-311.500000000007,10
-263.349999999999,205.299999999996,4
-263.349999999999,137.799999999996,4
-100.049999999999,-15.6000000000058,4
15.1500000000015,128.299999999996,5
272.350000000002,-60.3000000000029,4
267.350000000002,-224.600000000006,10
374.150000000001,-118.900000000009,4
444.150000000001,-56.8000000000029,10
254.450000000001,-219.200000000004,10
248.450000000001,-346.300000000003,3
-201.849999999999,22.0999999999913,2
-181.449999999999,18.5999999999913,3
-132.749999999998,-99.5000000000073,2
-182.449999999999,59.7999999999956,10
249.950000000001,-220.200000000004,1
-174.949999999999,36.9999999999927,5
295.650000000001,-112.900000000009,10
-147.649999999998,31.9999999999927,3
-134.249999999998,-10.2000000000044,4
74.2500000000018,-320.500000000007,4
86.6500000000015,-289.200000000004,10
-88.6499999999978,-12.2000000000044,3
286.750000000002,191.899999999994,1
401.950000000001,269.299999999996,4
-118.849999999999,-165.600000000006,1
-180.449999999999,-71.2000000000044,4
-134.249999999998,64.7999999999956,10
-123.349999999999,30.9999999999927,4
348.750000000002,124.399999999994,1
419.250000000002,-228.100000000006,1
-171.549999999999,-36.0000000000073,10
-100.049999999999,185.399999999994,10
256.950000000001,-257.900000000009,10
-181.949999999999,45.3999999999942,1
-247.449999999999,-11.2000000000044,1
-267.349999999999,-70.7000000000044,1
-113.949999999999,9.19999999999709,1
457.550000000001,273.299999999996,4
-186.449999999999,-153.200000000004,1
58.8500000000022,-318.500000000007,10
-183.449999999999,31.4999999999927,1
311.550000000001,-98.5000000000073,8
315.050000000001,-129.300000000003,1
396.450000000001,26.0999999999913,1
-289.149999999998,301.599999999991,1
-133.749999999998,30.9999999999927,10
209.750000000002,-129.300000000003,10
284.250000000002,-253.400000000009,10
-64.7499999999982,-12.2000000000044,2
390.450000000001,140.799999999996,4
399.450000000001,68.7999999999956,4
-123.349999999999,17.5999999999913,4
94.0500000000011,-287.200000000004,10
426.250000000002,4.19999999999709,3
135.750000000002,-326.900000000009,10
-124.349999999999,150.199999999997,10
23.5500000000011,-336.800000000003,10
-83.1499999999978,-52.4000000000087,3
-197.849999999999,89.0999999999913,2
267.850000000002,-100.500000000007,10
387.550000000001,-146.700000000004,2
-181.449999999999,-207.800000000003,10
-90.5499999999993,-72.7000000000044,4
-112.449999999999,-49.4000000000087,1
24.0500000000011,-308.000000000007,10
400.950000000001,280.299999999996,4
-130.349999999999,240.499999999993,1
285.750000000002,-205.300000000003,4
-390.949999999999,323.499999999993,4
319.950000000001,136.799999999996,1
299.150000000001,-187.900000000009,4
373.650000000001,-142.700000000004,2
326.950000000001,-267.300000000003,10
-108.449999999999,201.299999999996,3
-2.24999999999818,-341.800000000003,1
309.050000000001,-147.700000000004,1
88.6500000000015,-309.500000000007,3
-164.549999999999,41.4999999999927,2
336.850000000002,-119.900000000009,10
-294.149999999998,261.899999999994,4
-89.5499999999993,-25.6000000000058,10
-113.449999999999,-163.100000000006,4
-189.349999999999,85.1999999999971,10
78.7500000000018,102.499999999993,4
-117.449999999999,206.299999999996,4
-83.6499999999978,-338.800000000003,1
455.050000000001,244.499999999993,4
-171.549999999999,-104.000000000007,6
245.550000000001,58.2999999999956,10
409.850000000002,202.799999999996,4
345.350000000002,-150.200000000004,4
-105.949999999999,-145.700000000004,4
367.150000000001,-14.6000000000058,3
-125.349999999999,-137.300000000003,10
55.3500000000022,-322.400000000009,10
357.750000000002,-168.000000000007,10
322.450000000001,129.299999999996,3
450.550000000001,-86.1000000000058,4
-138.749999999998,67.2999999999956,10
294.650000000001,-86.6000000000058,10
-196.349999999999,59.2999999999956,10
303.150000000001,-156.100000000006,1
201.850000000002,-119.400000000009,1
92.6500000000015,-301.100000000006,2
-231.549999999999,241.999999999993,4
-187.849999999999,-12.2000000000044,1
293.650000000001,-103.000000000007,5
270.350000000002,-134.800000000003,4
-128.849999999999,-35.0000000000073,4
-168.549999999999,-11.2000000000044,8
-171.549999999999,55.8999999999942,1
134.850000000002,-318.500000000007,1
-119.349999999999,33.4999999999927,4
446.550000000001,28.0999999999913,10
-130.849999999999,5.69999999999709,4
326.950000000001,-166.600000000006,10
179.950000000001,-106.500000000007,1
-110.449999999999,-35.0000000000073,1
-153.149999999998,51.8999999999942,1
17.1500000000015,117.399999999994,10
-423.249999999998,315.999999999993,10
107.950000000001,-328.400000000009,1
360.650000000001,-126.300000000003,3
381.050000000001,-282.700000000004,3
-49.3499999999985,-324.900000000009,10
295.150000000001,-269.800000000003,10
-272.749999999998,-79.2000000000044,1
56.8500000000022,187.899999999994,1
156.150000000001,-287.700000000004,1
66.7500000000018,-318.000000000007,1
27.5500000000011,-285.700000000004,10
270.850000000002,-138.800000000003,10
301.150000000001,-255.400000000009,1
314.550000000001,236.099999999991,1
-118.349999999999,-339.300000000003,10
-219.649999999998,24.5999999999913,10
-84.1499999999978,-40.5000000000073,1
-139.749999999998,39.4999999999927,1
271.350000000002,-118.900000000009,10
-322.449999999999,74.1999999999971,4
84.6500000000015,-302.100000000006,10
195.350000000002,-90.6000000000058,10
290.650000000001,-140.200000000004,10
-135.249999999998,2.19999999999709,4
-191.849999999999,39.9999999999927,3
-113.949999999999,-7.70000000000437,3
373.150000000001,-247.500000000007,4
245.050000000001,-257.900000000009,2
-174.949999999999,-86.6000000000058,1
-90.5499999999993,-122.400000000009,10
255.450000000001,52.8999999999942,8
71.7500000000018,131.299999999996,1
448.550000000001,192.399999999994,10
389.450000000001,-261.400000000009,2
-243.549999999999,-2.20000000000437,3
-73.7499999999982,7.69999999999709,4
-97.0499999999993,31.9999999999927,10
-176.949999999999,-50.9000000000087,3
-241.049999999999,-90.1000000000058,4
416.350000000002,-7.20000000000437,6
-280.749999999998,-104.000000000007,10
-173.949999999999,10.1999999999971,4
414.350000000002,-40.9000000000087,4
-120.349999999999,-312.000000000007,3
454.050000000001,263.899999999994,10
-257.449999999999,122.899999999994,10
-96.5499999999993,35.9999999999927,3
366.650000000001,247.499999999993,1
160.650000000001,-326.900000000009,2
117.950000000001,-272.800000000003,4
175.050000000001,-324.900000000009,8
288.250000000002,-117.900000000009,10
-299.149999999998,-140.700000000004,1
245.050000000001,-111.000000000007,10
393.450000000001,-240.500000000007,2
-235.049999999999,-80.2000000000044,3
-79.6499999999978,-33.5000000000073,10
-136.749999999998,-31.5000000000073,1
264.850000000002,-81.2000000000044,4
-146.149999999998,133.799999999996,10
-130.849999999999,177.999999999993,1
408.850000000002,-183.900000000009,1
237.050000000001,-235.600000000006,10
201.350000000002,-102.000000000007,4
-169.049999999999,20.0999999999913,10
-145.649999999998,67.2999999999956,4
-166.049999999999,-68.8000000000029,1
-122.349999999999,-119.900000000009,10
-74.2499999999982,141.299999999996,3
-168.549999999999,68.2999999999956,4
-167.049999999999,-83.1000000000058,4
-163.049999999999,247.999999999993,10
-43.9499999999989,-59.8000000000029,1
-78.1499999999978,16.0999999999913,3
201.850000000002,-124.400000000009,2
299.150000000001,280.799999999996,2
-115.949999999999,225.699999999997,1
442.150000000001,-41.4000000000087,1
234.550000000001,-291.700000000004,3
372.150000000001,-149.700000000004,4
-161.549999999999,72.6999999999971,1
-133.249999999998,-131.300000000003,10
-201.849999999999,0.299999999995634,10
283.750000000002,-263.400000000009,10
28.0500000000011,-311.500000000007,10
416.750000000002,-271.800000000003,10
289.750000000002,-81.2000000000044,1
436.650000000001,-15.6000000000058,10
-70.2499999999982,1.69999999999709,4
-166.049999999999,-12.6000000000058,10
436.650000000001,-82.7000000000044,4
342.850000000002,-211.700000000004,10
32.0500000000011,-295.600000000006,4
-103.549999999999,11.1999999999971,4
-176.449999999999,54.3999999999942,4
-231.049999999999,228.099999999991,4
193.850000000002,-165.600000000006,1
139.250000000002,-321.000000000007,10
-110.449999999999,-21.6000000000058,4
305.550000000001,113.499999999993,4
-143.249999999998,264.899999999994,3
364.150000000001,131.799999999996,4
-161.049999999999,-72.2000000000044,10
414.350000000002,-276.300000000003,4
-320.949999999999,206.299999999996,4
-258.849999999999,46.8999999999942,10
-209.749999999998,-184.900000000009,1
-329.849999999999,70.7999999999956,4
209.250000000002,-345.800000000003,4
-463.449999999999,-283.700000000004,10
361.150000000001,-229.100000000006,10
-200.349999999999,44.8999999999942,4
461.950000000001,243.499999999993,4
-311.049999999999,-57.8000000000029,10
273.850000000002,-107.500000000007,3
-365.649999999998,210.799999999996,1
52.3500000000022,-276.800000000003,3
-156.649999999998,127.899999999994,4
319.450000000001,67.2999999999956,2
-339.849999999999,41.9999999999927,1
-138.749999999998,45.3999999999942,4
373.150000000001,121.399999999994,4
-323.449999999999,331.399999999994,1
281.250000000002,-272.800000000003,10
283.750000000002,-72.7000000000044,1
173.050000000001,-333.900000000009,10
-157.149999999998,55.8999999999942,10
354.750000000002,-98.0000000000073,4
-105.949999999999,196.899999999994,4
-61.7499999999982,161.599999999991,1
0.750000000001819,-312.500000000007,10
-269.349999999999,90.0999999999913,3
106.550000000001,-279.700000000004,1
-61.7499999999982,-203.800000000003,4
242.050000000001,-151.700000000004,10
130.850000000002,-293.200000000004,2
-308.549999999999,-49.4000000000087,10
-330.349999999999,267.899999999994,10
-335.849999999999,284.699999999997,1
-136.749999999998,-56.8000000000029,10
251.450000000001,-276.300000000003,10
320.950000000001,-101.500000000007,1
162.150000000001,-286.200000000004,4
-271.349999999999,-100.000000000007,1
-152.149999999998,65.2999999999956,4
-304.049999999999,263.899999999994,4
142.750000000002,-346.300000000003,3
15.1500000000015,-295.600000000006,4
191.450000000001,75.6999999999971,4
152.650000000001,-292.200000000004,10
-359.149999999998,-329.400000000009,10
21.6500000000015,-296.600000000006,10
321.950000000001,-96.6000000000058,10
221.650000000001,-266.300000000003,10
237.050000000001,-205.800000000003,10
308.050000000001,235.599999999991,10
-227.149999999998,-92.6000000000058,2
225.150000000001,-137.300000000003,1
369.650000000001,103.999999999993,4
-168.049999999999,7.19999999999709,10
-256.949999999999,125.399999999994,10
-121.849999999999,22.5999999999913,1
340.350000000002,252.999999999993,10
288.750000000002,-191.900000000009,10
436.650000000001,-53.4000000000087,4
-133.249999999998,36.4999999999927,10
351.250000000002,-107.000000000007,3
-264.349999999999,108.499999999993,3
112.950000000001,-301.600000000006,2
32.5500000000011,-346.300000000003,10
-206.749999999998,17.5999999999913,3
-165.049999999999,280.299999999996,3
353.750000000002,274.299999999996,5
143.750000000002,-299.100000000006,4
179.450000000001,-323.900000000009,3
-59.3499999999985,-63.3000000000029,1
