-87.0499999999993,-696.25,3
297.150000000001,-696.25,3
-463.949999999999,-408.849999999999,3
-463.949999999999,-332.849999999999,3
-462.949999999999,-119.349999999999,3
-462.949999999999,-88.1500000000015,3
-462.949999999999,-79.1500000000015,3
-211.75,-2.25,1
-259.849999999999,-696.25,3
-224.65,-695.75,3
5.25,-696.25,3
12.6500000000015,-695.25,4
190.450000000001,-696.25,3
-314.949999999999,-696.25,3
358.25,-695.75,3
18.1500000000015,-694.25,10
-207.75,-690.849999999999,4
84.6500000000015,-688.349999999999,10
8.75,-687.349999999999,4
13.6500000000015,-682.349999999999,10
279.75,-684.349999999999,10
442.650000000001,-681.349999999999,4
-187.849999999999,-680.849999999999,10
263.450000000001,-679.349999999999,10
-181.949999999999,-679.849999999999,4
-18.0499999999993,-673.449999999997,8
310.550000000001,-668.449999999997,10
-236.049999999999,-647.150000000001,10
35.0500000000011,-646.650000000001,4
212.75,-646.650000000001,10
437.150000000001,-643.650000000001,10
270.35,-642.150000000001,4
33.5500000000011,-642.150000000001,10
281.75,-635.25,8
-164.049999999999,-634.25,10
296.650000000001,-627.25,10
-1.25,-622.349999999999,10
-110.449999999999,-620.849999999999,4
-138.25,-617.849999999999,10
-224.65,-611.849999999999,10
-242.449999999999,-608.849999999999,4
316.050000000001,-607.449999999997,10
-237.549999999999,-606.449999999997,1
-226.65,-604.449999999997,4
348.35,-602.949999999997,4
-179.449999999999,-602.449999999997,10
47.9500000000007,-595.949999999997,6
316.050000000001,-585.050000000003,10
130.85,-566.650000000001,10
205.85,-565.25,6
42.9500000000007,-563.75,10
-172.949999999999,-561.75,10
72.75,-562.25,6
-165.049999999999,-554.75,10
141.75,-555.25,10
221.25,-550.349999999999,1
-164.049999999999,-549.849999999999,10
-93.5499999999993,-550.349999999999,10
311.050000000001,-549.349999999999,10
-84.1499999999996,-546.849999999999,10
-67.25,-546.349999999999,10
153.150000000001,-532.449999999997,8
188.450000000001,-526.449999999997,4
218.75,-515.050000000003,8
266.35,-514.050000000003,10
-104.949999999999,-502.150000000001,4
86.1500000000015,-502.150000000001,10
93.1500000000015,-497.650000000001,10
-77.6499999999996,-488.75,10
103.550000000001,-487.75,8
195.85,-486.75,1
-83.1499999999996,-486.25,10
162.150000000001,-484.75,4
142.75,-483.25,10
192.950000000001,-481.349999999999,1
111.950000000001,-479.349999999999,6
306.650000000001,-479.349999999999,10
316.050000000001,-476.349999999999,2
453.550000000001,-477.849999999999,10
139.25,-475.349999999999,10
115.950000000001,-473.849999999999,10
123.950000000001,-473.349999999999,10
-64.25,-473.349999999999,1
94.1500000000015,-472.349999999999,4
134.85,-472.349999999999,10
352.75,-470.349999999999,5
369.650000000001,-470.349999999999,4
329.450000000001,-466.449999999997,1
320.050000000001,-465.449999999997,1
437.650000000001,-436.650000000001,10
-451.049999999999,-436.150000000001,10
425.25,-423.75,6
-353.65,-406.849999999999,4
-337.849999999999,-400.849999999999,10
-406.349999999999,-398.349999999999,4
371.650000000001,-392.949999999997,5
-324.449999999999,-390.449999999997,10
-355.15,-387.449999999997,10
-419.25,-386.449999999997,6
-316.449999999999,-383.550000000003,10
-324.449999999999,-374.050000000003,10
-305.049999999999,-374.050000000003,3
-320.449999999999,-370.550000000003,10
-410.25,-362.150000000001,4
-461.949999999999,-360.150000000001,10
-432.15,-352.25,10
-390.949999999999,-342.75,10
-298.549999999999,-326.949999999997,10
-163.049999999999,-322.949999999997,4
-155.15,-313.949999999997,6
-96.0499999999993,-312.550000000003,4
30.0500000000011,-313.050000000003,4
-195.349999999999,-309.050000000003,6
33.5500000000011,-309.550000000003,4
-341.75,-308.050000000003,4
-143.65,-307.550000000003,1
-63.75,-306.050000000003,4
33.5500000000011,-304.550000000003,4
-233.049999999999,-298.150000000001,6
38.5500000000011,-298.150000000001,4
-214.65,-296.650000000001,4
-415.25,-295.650000000001,8
32.0500000000011,-294.150000000001,4
57.8500000000004,-293.150000000001,4
-184.849999999999,-293.650000000001,4
39.5500000000011,-293.150000000001,4
73.25,-289.150000000001,4
35.0500000000011,-291.650000000001,6
43.4500000000007,-290.650000000001,6
-397.849999999999,-291.150000000001,8
-100.949999999999,-287.650000000001,4
39.5500000000011,-285.650000000001,6
124.85,-285.25,4
28.5500000000011,-283.75,4
36.0500000000011,-281.25,4
-86.5499999999993,-283.25,6
104.550000000001,-281.75,5
125.85,-281.25,4
-122.849999999999,-279.25,6
-205.25,-280.25,4
-273.25,-275.75,5
-155.65,-274.75,6
127.85,-275.75,4
-183.949999999999,-274.75,4
-136.25,-273.25,6
-257.349999999999,-271.25,2
-116.349999999999,-272.25,5
122.450000000001,-273.25,4
-150.15,-271.75,6
-91.0499999999993,-270.349999999999,6
66.3500000000004,-269.349999999999,6
-125.349999999999,-269.349999999999,6
-286.15,-269.349999999999,6
-168.049999999999,-267.349999999999,6
-142.25,-265.849999999999,4
381.050000000001,-267.849999999999,1
-156.549999999999,-264.849999999999,6
-93.5499999999993,-265.349999999999,4
-10.1499999999996,-266.349999999999,4
-117.849999999999,-265.849999999999,6
-24.5499999999993,-265.849999999999,4
-3.14999999999964,-264.849999999999,4
-151.15,-264.849999999999,6
-240.049999999999,-264.849999999999,1
8.25,-263.349999999999,6
-177.449999999999,-263.349999999999,4
-205.75,-262.849999999999,4
-160.049999999999,-259.349999999999,6
-100.449999999999,-262.349999999999,4
-27.5499999999993,-261.849999999999,6
16.1500000000015,-262.849999999999,6
-10.6499999999996,-260.849999999999,1
-2.14999999999964,-260.849999999999,6
-119.349999999999,-258.849999999999,6
-17.5499999999993,-261.349999999999,4
-168.549999999999,-259.849999999999,6
-107.449999999999,-258.849999999999,6
-102.449999999999,-258.849999999999,4
-89.0499999999993,-258.349999999999,4
-216.15,-257.849999999999,6
-146.65,-258.349999999999,6
-6.14999999999964,-258.849999999999,6
-208.25,-257.349999999999,4
91.6500000000015,-257.849999999999,6
0.75,-256.949999999997,6
71.25,-257.349999999999,4
-100.449999999999,-255.949999999997,4
77.25,-257.349999999999,4
-111.449999999999,-256.449999999997,6
-96.0499999999993,-256.449999999997,4
13.1500000000015,-256.449999999997,4
19.1500000000015,-254.449999999997,6
-185.849999999999,-253.449999999997,6
-203.25,-254.449999999997,6
-120.849999999999,-252.449999999997,4
-88.0499999999993,-253.949999999997,6
41.4500000000007,-254.449999999997,4
-4.64999999999964,-252.949999999997,6
-176.949999999999,-251.949999999997,4
-215.15,-250.949999999997,6
-182.449999999999,-252.449999999997,6
-459.949999999999,-251.449999999997,4
-94.5499999999993,-251.449999999997,4
-112.949999999999,-251.449999999997,6
-138.75,-249.949999999997,4
-127.849999999999,-250.949999999997,1
-104.449999999999,-251.449999999997,4
-84.1499999999996,-250.949999999997,4
-154.15,-250.449999999997,1
-282.25,-249.949999999997,5
53.9500000000007,-249.949999999997,5
-249.449999999999,-249.449999999997,4
-77.1499999999996,-247.449999999997,5
-0.25,-246.949999999997,4
-288.15,-247.449999999997,5
-100.449999999999,-247.949999999997,4
-229.549999999999,-247.449999999997,4
-144.65,-247.449999999997,4
-89.0499999999993,-245.449999999997,6
-184.849999999999,-246.949999999997,1
-84.6499999999996,-245.949999999997,4
-282.75,-243.050000000003,6
-178.449999999999,-242.550000000003,1
144.75,-244.449999999997,4
-130.25,-243.949999999997,1
-12.1499999999996,-242.550000000003,5
-235.049999999999,-243.050000000003,4
-138.25,-239.550000000003,4
-110.949999999999,-243.449999999997,4
102.050000000001,-239.050000000003,6
-164.549999999999,-241.050000000003,1
-186.849999999999,-243.949999999997,1
141.25,-242.550000000003,4
-293.65,-242.050000000003,5
-150.65,-242.050000000003,6
-145.65,-241.050000000003,4
73.75,-242.050000000003,6
-288.65,-240.550000000003,5
-157.049999999999,-239.550000000003,1
4.25,-238.550000000003,6
-127.349999999999,-237.050000000003,4
139.75,-238.050000000003,6
-235.049999999999,-237.050000000003,5
-177.449999999999,-236.050000000003,6
-142.65,-237.050000000003,4
-114.349999999999,-236.550000000003,4
77.25,-236.550000000003,4
-216.65,-236.050000000003,1
-147.15,-235.050000000003,6
-15.6499999999996,-234.550000000003,6
-163.049999999999,-235.050000000003,6
-196.349999999999,-235.550000000003,1
-108.449999999999,-235.550000000003,4
-308.549999999999,-234.050000000003,5
-223.65,-233.550000000003,5
-213.15,-235.550000000003,1
95.6500000000015,-234.550000000003,6
-37.9499999999989,-232.550000000003,5
-67.25,-230.550000000003,4
-239.049999999999,-229.550000000003,6
-179.949999999999,-231.550000000003,6
-161.049999999999,-231.050000000003,1
-143.15,-230.050000000003,4
-136.75,-229.550000000003,6
-314.449999999999,-228.150000000001,5
-60.25,-227.650000000001,4
112.450000000001,-228.150000000001,4
-110.449999999999,-228.150000000001,6
-73.1499999999996,-227.650000000001,6
-204.25,-228.150000000001,1
-79.1499999999996,-227.150000000001,4
-245.949999999999,-226.650000000001,1
-224.15,-226.150000000001,6
-102.449999999999,-226.150000000001,6
-86.5499999999993,-227.150000000001,6
-186.849999999999,-226.650000000001,6
-164.049999999999,-226.150000000001,6
100.050000000001,-225.150000000001,8
-179.449999999999,-225.650000000001,6
-90.5499999999993,-226.150000000001,6
-10.6499999999996,-225.150000000001,6
-263.849999999999,-224.650000000001,1
-253.949999999999,-225.650000000001,4
-158.049999999999,-223.650000000001,6
-126.849999999999,-224.150000000001,4
-144.15,-224.150000000001,6
-17.5499999999993,-224.650000000001,6
108.550000000001,-224.150000000001,4
-208.75,-223.150000000001,4
-321.449999999999,-223.150000000001,5
-135.75,-219.150000000001,6
-148.15,-222.150000000001,6
-188.349999999999,-222.150000000001,6
-118.349999999999,-221.650000000001,6
-74.1499999999996,-221.650000000001,6
-85.1499999999996,-222.150000000001,4
98.0500000000011,-221.150000000001,6
-274.25,-220.650000000001,1
-138.75,-219.650000000001,3
-93.5499999999993,-219.650000000001,6
-266.849999999999,-219.650000000001,3
-183.949999999999,-219.650000000001,4
-15.1499999999996,-219.150000000001,4
-237.049999999999,-220.150000000001,4
-78.6499999999996,-220.150000000001,6
-231.049999999999,-218.650000000001,1
-110.949999999999,-216.650000000001,6
-318.449999999999,-219.150000000001,5
-260.849999999999,-217.650000000001,1
-130.25,-218.150000000001,1
-209.25,-217.150000000001,6
-87.5499999999993,-217.650000000001,5
97.5500000000011,-217.150000000001,6
-141.75,-215.650000000001,5
-357.65,-216.650000000001,2
-294.15,-216.650000000001,6
-75.1499999999996,-216.650000000001,6
-186.349999999999,-216.150000000001,6
-162.549999999999,-215.650000000001,6
-95.0499999999993,-213.25,6
-192.349999999999,-214.25,6
-238.049999999999,-213.75,1
-218.65,-212.75,6
-89.0499999999993,-213.25,5
-68.25,-213.75,1
-126.849999999999,-212.75,6
-73.6499999999996,-212.75,1
-146.65,-213.25,5
-78.6499999999996,-211.25,6
-251.449999999999,-212.25,1
-241.949999999999,-211.75,3
-46.8499999999985,-211.75,4
117.450000000001,-210.75,6
-226.15,-210.25,4
-183.449999999999,-211.25,6
-103.449999999999,-211.25,6
125.35,-210.75,4
-176.449999999999,-208.75,4
-136.75,-210.25,6
-215.15,-210.75,6
-118.849999999999,-209.25,4
-162.049999999999,-209.75,6
-153.65,-208.25,4
-272.25,-208.25,6
-256.349999999999,-208.25,6
-189.349999999999,-206.75,6
-234.049999999999,-207.25,1
-130.25,-208.25,6
-123.849999999999,-205.75,6
-291.15,-207.25,3
-337.849999999999,-204.75,1
-195.849999999999,-205.75,6
-247.949999999999,-205.75,1
-140.75,-206.25,6
-147.15,-205.75,6
-115.349999999999,-206.25,4
-240.949999999999,-203.75,1
-216.65,-201.25,6
-208.75,-203.75,6
-24.0499999999993,-204.25,6
-281.75,-203.75,4
-302.049999999999,-204.25,4
-243.449999999999,-203.75,1
-202.25,-204.75,6
-158.549999999999,-203.25,6
-231.049999999999,-203.75,6
-109.449999999999,-201.75,4
-76.6499999999996,-203.25,4
-54.3499999999985,-203.75,4
-182.449999999999,-202.25,6
-88.5499999999993,-203.25,4
-45.8499999999985,-203.25,5
-274.75,-202.75,5
-264.349999999999,-202.75,6
-176.449999999999,-202.25,6
-137.25,-200.349999999999,6
-270.25,-201.25,4
-142.65,-199.349999999999,6
-83.1499999999996,-200.849999999999,1
-170.949999999999,-199.349999999999,6
-117.849999999999,-200.349999999999,4
122.950000000001,-200.349999999999,4
-299.549999999999,-199.349999999999,4
-250.449999999999,-197.349999999999,4
-149.15,-199.349999999999,4
-266.349999999999,-198.349999999999,6
-185.849999999999,-199.349999999999,6
-49.3499999999985,-197.849999999999,6
-311.049999999999,-198.349999999999,4
-304.049999999999,-197.349999999999,4
-289.15,-197.849999999999,4
-210.25,-197.349999999999,6
-177.449999999999,-195.849999999999,6
-101.449999999999,-195.349999999999,6
-86.5499999999993,-193.849999999999,6
-24.0499999999993,-195.849999999999,6
-256.349999999999,-195.849999999999,4
-226.15,-196.349999999999,4
-34.4499999999989,-196.349999999999,6
-234.549999999999,-196.349999999999,6
-166.049999999999,-191.849999999999,6
-131.25,-194.349999999999,6
-16.0499999999993,-194.849999999999,6
-219.15,-194.349999999999,5
-161.549999999999,-194.349999999999,6
122.450000000001,-193.849999999999,4
-299.549999999999,-193.849999999999,6
-290.15,-192.849999999999,4
-271.25,-193.849999999999,4
-201.25,-193.349999999999,6
-309.049999999999,-190.349999999999,4
-263.849999999999,-193.349999999999,5
-140.25,-192.349999999999,5
-295.65,-193.349999999999,6
-281.75,-191.349999999999,6
-73.6499999999996,-192.349999999999,6
-32.4499999999989,-189.849999999999,6
-314.449999999999,-192.349999999999,6
-192.849999999999,-191.349999999999,4
-3.14999999999964,-191.849999999999,4
-329.349999999999,-191.849999999999,4
-9.14999999999964,-191.849999999999,4
-205.75,-191.349999999999,6
-179.949999999999,-189.349999999999,6
-42.4499999999989,-190.349999999999,6
-22.0499999999993,-190.349999999999,6
-99.5499999999993,-190.849999999999,6
-49.8499999999985,-190.349999999999,6
-144.65,-189.849999999999,1
-77.6499999999996,-189.849999999999,6
-111.449999999999,-188.849999999999,6
-71.25,-189.849999999999,4
-221.15,-189.349999999999,6
-135.25,-187.349999999999,6
-196.849999999999,-189.349999999999,6
-187.349999999999,-188.349999999999,6
-14.1499999999996,-188.849999999999,6
-277.75,-188.849999999999,1
-248.949999999999,-187.849999999999,4
-231.549999999999,-184.949999999997,4
-239.549999999999,-185.949999999997,6
-104.449999999999,-188.349999999999,6
132.35,-187.849999999999,6
-172.449999999999,-187.849999999999,5
-157.549999999999,-186.449999999997,4
-129.25,-182.949999999997,6
-38.4499999999989,-186.949999999997,6
-7.14999999999964,-185.949999999997,6
-330.349999999999,-185.949999999997,4
-74.1499999999996,-185.949999999997,5
-273.75,-184.449999999997,4
-205.75,-184.949999999997,6
-24.5499999999993,-183.949999999997,6
-1.25,-185.949999999997,6
123.950000000001,-185.449999999997,5
-192.349999999999,-185.449999999997,4
-183.449999999999,-185.449999999997,6
-96.0499999999993,-185.449999999997,4
-89.0499999999993,-182.449999999997,6
-18.5499999999993,-183.949999999997,6
136.35,-185.449999999997,6
-325.849999999999,-185.449999999997,5
-203.75,-182.949999999997,6
-295.15,-184.449999999997,1
-145.65,-182.949999999997,6
-53.3499999999985,-183.449999999997,6
-249.949999999999,-182.949999999997,1
-222.65,-180.949999999997,1
-169.049999999999,-183.449999999997,6
-116.349999999999,-182.449999999997,6
-258.849999999999,-182.949999999997,6
-161.549999999999,-182.949999999997,6
-228.049999999999,-182.449999999997,6
-218.15,-179.949999999997,6
-108.449999999999,-182.949999999997,6
-7.64999999999964,-178.949999999997,6
-30.4499999999989,-180.949999999997,4
-13.1499999999996,-180.949999999997,5
-256.849999999999,-180.449999999997,6
-44.8499999999985,-180.949999999997,5
-285.65,-179.449999999997,4
-279.75,-181.949999999997,6
-133.75,-180.449999999997,6
-96.0499999999993,-179.949999999997,6
-1.75,-180.449999999997,6
-328.349999999999,-179.949999999997,5
-190.849999999999,-179.449999999997,6
-151.65,-179.449999999997,6
-140.75,-179.949999999997,6
-48.3499999999985,-178.949999999997,5
-248.949999999999,-179.449999999997,4
-269.75,-178.949999999997,4
-101.949999999999,-176.949999999997,6
-324.449999999999,-177.949999999997,6
-215.15,-178.449999999997,6
-207.25,-175.949999999997,6
-169.049999999999,-177.449999999997,4
-108.449999999999,-177.449999999997,3
-24.0499999999993,-176.449999999997,6
112.450000000001,-177.449999999997,3
3.25,-176.949999999997,6
-122.849999999999,-176.449999999997,6
-116.349999999999,-175.449999999997,6
-29.0499999999993,-176.949999999997,4
-18.5499999999993,-177.449999999997,6
-253.949999999999,-176.449999999997,6
-246.449999999999,-176.449999999997,6
-462.949999999999,-175.949999999997,3
-294.15,-175.949999999997,1
-163.549999999999,-174.449999999997,6
-156.15,-176.449999999997,6
-132.25,-175.449999999997,6
-184.849999999999,-175.449999999997,6
-85.6499999999996,-175.949999999997,4
-279.25,-174.449999999997,4
-231.049999999999,-173.949999999997,4
-65.25,-173.949999999997,6
-224.15,-172.949999999997,4
-196.349999999999,-173.949999999997,6
-59.25,-173.949999999997,6
-33.9499999999989,-173.949999999997,6
-297.049999999999,-173.449999999997,1
-190.849999999999,-171.550000000003,6
-96.5499999999993,-173.949999999997,6
-80.1499999999996,-172.050000000003,6
-330.349999999999,-172.949999999997,6
-303.549999999999,-170.050000000003,1
-201.75,-173.949999999997,6
-287.15,-173.449999999997,6
-215.65,-172.550000000003,6
-3.64999999999964,-172.949999999997,5
-186.349999999999,-172.050000000003,6
-150.15,-168.550000000003,6
-139.75,-169.550000000003,6
-125.349999999999,-172.550000000003,6
-105.949999999999,-172.550000000003,6
-11.1499999999996,-171.550000000003,6
-262.349999999999,-169.550000000003,6
-45.3499999999985,-170.550000000003,6
-17.0499999999993,-170.550000000003,5
-249.449999999999,-171.050000000003,6
-161.049999999999,-169.550000000003,6
-92.0499999999993,-170.050000000003,6
-235.549999999999,-169.550000000003,4
-59.75,-169.050000000003,6
-281.25,-169.050000000003,4
-168.049999999999,-169.050000000003,6
-103.449999999999,-169.050000000003,6
-33.9499999999989,-169.050000000003,6
9.75,-168.550000000003,6
22.6500000000015,-168.550000000003,4
137.35,-169.550000000003,6
-200.75,-166.050000000003,6
-133.25,-168.550000000003,5
-27.0499999999993,-168.050000000003,6
-22.5499999999993,-168.050000000003,5
-327.349999999999,-167.050000000003,6
-217.65,-165.550000000003,6
-207.75,-165.550000000003,4
-276.75,-167.050000000003,6
-252.949999999999,-167.050000000003,6
-183.449999999999,-167.050000000003,6
-5.64999999999964,-167.050000000003,6
17.1500000000015,-166.550000000003,6
-301.549999999999,-166.550000000003,1
-228.549999999999,-166.050000000003,4
-195.349999999999,-166.550000000003,6
-106.949999999999,-165.550000000003,6
-0.75,-166.550000000003,6
-270.75,-165.550000000003,4
-75.1499999999996,-164.050000000003,6
-64.75,-164.550000000003,5
-10.6499999999996,-166.050000000003,6
-462.949999999999,-165.550000000003,3
-129.75,-164.050000000003,6
-286.65,-164.050000000003,6
-240.549999999999,-162.550000000003,6
-56.8499999999985,-163.550000000003,6
-36.4499999999989,-162.050000000003,4
-16.5499999999993,-164.550000000003,5
-98.0499999999993,-163.550000000003,6
-263.849999999999,-163.050000000003,4
-169.049999999999,-163.550000000003,5
-48.8499999999985,-163.050000000003,6
-42.9499999999989,-160.550000000003,6
8.25,-163.050000000003,6
24.1500000000015,-162.050000000003,4
2.25,-160.550000000003,4
-232.049999999999,-162.550000000003,4
-225.15,-161.550000000003,6
-179.949999999999,-160.550000000003,6
-134.75,-161.550000000003,4
-110.449999999999,-163.050000000003,4
-28.5499999999993,-161.550000000003,6
16.1500000000015,-162.050000000003,6
-332.849999999999,-161.550000000003,4
-255.849999999999,-162.550000000003,6
-184.849999999999,-160.050000000003,4
32.0500000000011,-162.050000000003,4
-325.349999999999,-161.550000000003,6
-274.75,-161.550000000003,1
-159.049999999999,-160.550000000003,6
-11.1499999999996,-161.550000000003,6
36.5500000000011,-161.050000000003,4
-220.15,-159.550000000003,4
-3.64999999999964,-160.050000000003,4
-195.349999999999,-156.650000000001,6
-189.849999999999,-160.550000000003,4
-215.15,-159.050000000003,6
-208.75,-159.550000000003,6
-138.25,-159.050000000003,6
-24.5499999999993,-159.550000000003,6
66.8500000000004,-159.050000000003,6
-202.25,-158.150000000001,6
32.0500000000011,-158.150000000001,6
-249.949999999999,-158.150000000001,1
-73.6499999999996,-157.650000000001,6
60.3500000000004,-158.650000000001,6
-307.549999999999,-157.650000000001,6
-166.549999999999,-157.650000000001,6
-85.1499999999996,-158.150000000001,6
-56.8499999999985,-156.650000000001,6
-244.949999999999,-156.650000000001,6
-229.049999999999,-157.150000000001,4
-101.449999999999,-157.650000000001,6
-16.0499999999993,-157.650000000001,6
-321.449999999999,-157.150000000001,6
-108.449999999999,-157.150000000001,6
-313.949999999999,-155.650000000001,6
-160.049999999999,-156.150000000001,4
-95.5499999999993,-156.150000000001,6
18.1500000000015,-156.150000000001,6
52.4500000000007,-157.150000000001,6
135.85,-155.650000000001,6
-256.349999999999,-152.150000000001,1
-64.75,-157.150000000001,6
-49.8499999999985,-154.650000000001,6
-22.0499999999993,-156.150000000001,6
-296.15,-155.650000000001,4
-290.65,-152.150000000001,6
-205.75,-151.150000000001,6
-89.5499999999993,-155.650000000001,6
-10.6499999999996,-155.650000000001,6
-328.349999999999,-154.650000000001,6
-242.949999999999,-153.150000000001,4
-222.65,-154.150000000001,6
-151.15,-155.150000000001,6
-79.6499999999996,-154.150000000001,6
-36.9499999999989,-153.650000000001,6
-24.0499999999993,-153.650000000001,6
9.75,-155.150000000001,6
-284.65,-153.650000000001,6
-266.849999999999,-154.150000000001,3
31.0500000000011,-154.150000000001,4
68.75,-155.150000000001,5
111.950000000001,-152.150000000001,4
-135.75,-152.150000000001,6
-5.64999999999964,-154.150000000001,6
1.25,-154.150000000001,5
-272.25,-153.150000000001,4
-189.349999999999,-151.650000000001,6
-167.049999999999,-153.650000000001,4
-102.949999999999,-154.150000000001,5
37.5500000000011,-153.650000000001,6
73.25,-153.650000000001,6
-316.949999999999,-153.150000000001,6
-215.15,-152.150000000001,6
-159.049999999999,-152.150000000001,4
-181.949999999999,-152.150000000001,6
-85.1499999999996,-152.150000000001,6
43.4500000000007,-151.650000000001,6
-308.049999999999,-150.150000000001,4
-93.0499999999993,-151.150000000001,6
26.5500000000011,-150.650000000001,6
17.6500000000015,-151.650000000001,6
63.3500000000004,-151.150000000001,6
170.550000000001,-151.650000000001,4
-224.15,-151.150000000001,6
-150.65,-148.650000000001,6
-13.6499999999996,-151.150000000001,6
102.550000000001,-150.150000000001,6
-233.549999999999,-150.150000000001,6
-72.25,-150.650000000001,6
48.9500000000007,-150.650000000001,6
54.3500000000004,-148.650000000001,6
-324.449999999999,-150.650000000001,5
-100.449999999999,-147.650000000001,4
-57.3499999999985,-149.650000000001,4
-301.549999999999,-149.150000000001,6
-160.549999999999,-147.150000000001,4
-130.75,-149.650000000001,4
1.25,-149.150000000001,5
-249.449999999999,-148.150000000001,4
-229.549999999999,-148.650000000001,4
15.1500000000015,-149.150000000001,6
22.6500000000015,-148.150000000001,5
124.85,-148.150000000001,4
160.650000000001,-147.150000000001,4
-282.25,-145.150000000001,6
-28.5499999999993,-148.150000000001,6
70.25,-148.650000000001,6
131.35,-147.650000000001,6
-168.049999999999,-148.150000000001,3
-88.5499999999993,-147.650000000001,6
-8.14999999999964,-148.150000000001,5
9.25,-147.650000000001,6
37.5500000000011,-148.150000000001,6
65.3500000000004,-148.650000000001,6
-313.449999999999,-147.150000000001,6
-261.849999999999,-147.150000000001,1
-194.349999999999,-146.150000000001,6
-19.5499999999993,-147.150000000001,6
-118.349999999999,-146.150000000001,6
104.050000000001,-146.150000000001,6
166.150000000001,-146.650000000001,6
-224.65,-146.150000000001,6
75.25,-146.650000000001,5
-180.949999999999,-146.150000000001,6
-1.75,-145.650000000001,6
3.75,-146.150000000001,6
-134.25,-145.150000000001,6
-78.1499999999996,-145.150000000001,6
32.5500000000011,-145.150000000001,6
-241.949999999999,-145.150000000001,4
-327.349999999999,-144.25,4
-111.449999999999,-142.75,6
17.6500000000015,-144.75,6
47.4500000000007,-144.25,6
111.950000000001,-142.75,6
147.75,-143.25,6
-217.65,-144.75,6
59.8500000000004,-143.75,4
-169.549999999999,-141.75,4
-63.25,-143.75,6
27.0500000000011,-143.25,6
69.25,-143.25,6
83.6500000000015,-144.25,4
-301.549999999999,-142.75,4
-153.15,-142.75,4
-103.949999999999,-142.75,4
-84.1499999999996,-143.25,6
-55.8499999999985,-142.75,6
-11.6499999999996,-143.75,6
38.5500000000011,-142.75,6
-123.349999999999,-139.75,6
-39.9499999999989,-141.25,6
1.25,-141.75,5
-228.049999999999,-142.75,4
-143.15,-142.25,6
-24.5499999999993,-142.75,6
-263.849999999999,-141.25,1
-164.049999999999,-141.75,6
7.75,-141.25,4
52.4500000000007,-141.25,6
-177.449999999999,-140.25,6
-133.75,-138.75,6
-129.75,-141.75,4
-117.349999999999,-141.25,6
75.25,-140.75,6
81.25,-141.25,6
-18.0499999999993,-141.25,6
23.1500000000015,-141.25,6
128.35,-141.25,6
-291.65,-140.25,6
-285.65,-139.25,6
-210.75,-139.75,4
-172.449999999999,-140.25,4
-93.0499999999993,-139.25,6
-51.8499999999985,-139.25,6
-2.14999999999964,-140.25,6
16.1500000000015,-140.25,6
33.0500000000011,-140.25,5
-325.849999999999,-137.75,6
-199.75,-138.25,4
-29.5499999999993,-139.75,6
-35.9499999999989,-138.75,6
107.550000000001,-138.25,6
-297.549999999999,-138.25,6
-275.75,-138.25,3
-238.049999999999,-138.25,6
-59.25,-139.25,6
-10.6499999999996,-138.25,4
9.75,-137.25,4
121.450000000001,-138.75,6
162.150000000001,-137.75,4
-70.25,-138.75,6
-46.3499999999985,-138.25,6
65.3500000000004,-138.25,6
-222.65,-137.25,6
3.25,-138.25,5
-88.5499999999993,-135.25,6
-80.6499999999996,-136.75,4
27.0500000000011,-134.25,6
134.35,-136.75,6
-304.549999999999,-136.75,6
-280.25,-136.25,6
-164.549999999999,-136.75,6
-64.25,-136.75,6
-24.0499999999993,-136.25,6
50.4500000000007,-136.75,6
-142.65,-135.75,4
20.1500000000015,-136.25,6
75.25,-136.25,6
148.75,-135.25,6
-241.449999999999,-132.75,6
-15.6499999999996,-132.75,4
-293.65,-134.75,6
-113.949999999999,-134.75,4
127.35,-135.25,4
-216.15,-133.75,5
-210.75,-133.75,6
-181.449999999999,-133.25,6
-169.549999999999,-133.25,6
-36.9499999999989,-133.75,6
-203.75,-132.75,6
-47.3499999999985,-131.25,6
-42.4499999999989,-132.75,6
-6.64999999999964,-129.849999999999,4
58.8500000000004,-133.25,6
-284.65,-132.75,6
-231.549999999999,-130.75,6
-186.349999999999,-130.75,6
-123.849999999999,-132.75,6
-107.449999999999,-130.349999999999,6
-31.9499999999989,-131.25,4
4.25,-131.25,4
78.75,-130.75,6
-298.549999999999,-131.25,6
-289.65,-131.25,6
-156.15,-131.75,6
-64.25,-131.75,6
-246.449999999999,-131.25,4
-79.1499999999996,-128.849999999999,6
-57.3499999999985,-131.75,6
-0.25,-130.75,6
11.75,-128.349999999999,6
66.3500000000004,-131.25,6
-317.949999999999,-130.349999999999,4
-304.049999999999,-128.849999999999,6
-223.65,-128.849999999999,6
-144.15,-130.75,6
-26.5499999999993,-130.75,6
-197.849999999999,-131.25,6
-75.6499999999996,-130.349999999999,6
32.0500000000011,-130.349999999999,6
85.1500000000015,-130.75,4
133.85,-130.349999999999,6
-277.25,-130.349999999999,6
54.3500000000004,-129.849999999999,6
-216.65,-127.849999999999,6
-95.0499999999993,-129.349999999999,5
-52.8499999999985,-128.349999999999,6
-323.449999999999,-128.349999999999,6
-83.6499999999996,-127.849999999999,6
-35.4499999999989,-128.849999999999,4
71.25,-128.349999999999,6
-171.949999999999,-126.849999999999,6
-120.849999999999,-127.849999999999,6
-89.0499999999993,-127.849999999999,6
-72.6499999999996,-127.849999999999,6
159.150000000001,-126.849999999999,6
170.550000000001,-126.349999999999,6
-283.65,-126.349999999999,5
129.35,-127.349999999999,6
148.75,-127.349999999999,6
-245.949999999999,-127.349999999999,6
-211.25,-126.349999999999,4
-100.949999999999,-128.349999999999,6
-201.25,-125.849999999999,6
-135.25,-126.849999999999,4
85.1500000000015,-125.849999999999,4
-128.75,-126.349999999999,6
-205.75,-124.349999999999,6
-46.3499999999985,-124.349999999999,6
5.75,-123.849999999999,6
29.0500000000011,-125.849999999999,6
-297.049999999999,-125.849999999999,6
-232.049999999999,-124.849999999999,4
-117.349999999999,-125.349999999999,6
-65.25,-125.349999999999,6
-26.0499999999993,-124.849999999999,6
-188.349999999999,-122.849999999999,6
-110.949999999999,-123.849999999999,6
-96.0499999999993,-124.349999999999,4
-54.3499999999985,-124.349999999999,4
30.5500000000011,-121.349999999999,4
52.4500000000007,-123.349999999999,6
79.25,-124.849999999999,5
150.75,-121.349999999999,4
-314.449999999999,-122.849999999999,6
-303.049999999999,-123.849999999999,6
-257.849999999999,-123.349999999999,4
-194.849999999999,-123.849999999999,6
-144.15,-122.349999999999,4
-70.25,-121.849999999999,6
-34.4499999999989,-122.849999999999,6
22.1500000000015,-122.849999999999,6
-126.349999999999,-121.849999999999,6
-58.25,-122.349999999999,6
134.35,-122.349999999999,6
141.25,-121.349999999999,4
-281.25,-122.349999999999,5
-77.1499999999996,-121.849999999999,6
-287.15,-122.349999999999,4
-165.049999999999,-120.849999999999,6
-130.75,-118.849999999999,4
-21.0499999999993,-121.849999999999,6
72.75,-122.849999999999,6
-151.65,-121.349999999999,4
-98.5499999999993,-121.349999999999,6
-91.0499999999993,-120.849999999999,6
-62.25,-121.349999999999,5
94.6500000000015,-121.349999999999,6
-120.349999999999,-119.849999999999,4
-105.449999999999,-121.349999999999,5
-1.75,-120.849999999999,6
15.6500000000015,-120.349999999999,4
-49.3499999999985,-119.849999999999,5
-297.549999999999,-119.349999999999,3
-42.4499999999989,-118.849999999999,6
-27.5499999999993,-116.849999999999,6
82.25,-119.849999999999,5
168.550000000001,-118.849999999999,4
-273.25,-118.349999999999,10
-245.949999999999,-118.849999999999,6
-232.549999999999,-118.849999999999,4
-36.4499999999989,-118.849999999999,5
-11.1499999999996,-118.349999999999,4
65.8500000000004,-119.349999999999,4
75.25,-115.449999999997,5
-260.349999999999,-118.849999999999,1
-239.049999999999,-117.349999999999,4
-218.65,-119.349999999999,6
-55.3499999999985,-118.849999999999,1
-192.349999999999,-118.349999999999,6
-153.65,-117.349999999999,6
-115.349999999999,-118.349999999999,6
-81.1499999999996,-117.849999999999,6
9.75,-117.349999999999,6
4.25,-116.849999999999,6
24.6500000000015,-117.349999999999,6
-158.549999999999,-115.949999999997,6
-140.75,-117.849999999999,6
-179.449999999999,-116.449999999997,5
-72.6499999999996,-115.449999999997,6
-62.75,-116.449999999997,6
-289.15,-115.449999999997,4
-243.449999999999,-114.949999999997,6
-222.65,-115.449999999997,6
-104.449999999999,-114.949999999997,6
-96.5499999999993,-115.949999999997,6
-87.0499999999993,-116.449999999997,5
-20.5499999999993,-114.949999999997,4
133.85,-115.449999999997,5
-164.549999999999,-112.449999999997,6
-149.65,-115.449999999997,6
-43.4499999999989,-114.949999999997,6
-0.25,-115.449999999997,6
-282.75,-114.449999999997,6
-77.6499999999996,-114.949999999997,4
16.6500000000015,-114.949999999997,4
141.75,-113.449999999997,5
-205.25,-113.449999999997,4
-112.449999999999,-109.449999999997,6
-49.3499999999985,-114.449999999997,6
-6.64999999999964,-114.449999999997,6
65.8500000000004,-113.949999999997,4
-228.549999999999,-112.949999999997,6
-184.849999999999,-112.949999999997,6
-174.449999999999,-113.949999999997,6
25.6500000000015,-111.449999999997,4
-271.25,-111.449999999997,4
-68.25,-112.449999999997,6
-133.25,-112.449999999997,4
90.6500000000015,-111.949999999997,6
-82.6499999999996,-109.949999999997,6
-56.3499999999985,-111.949999999997,6
-32.9499999999989,-110.949999999997,6
12.1500000000015,-111.949999999997,6
158.150000000001,-110.949999999997,6
-168.549999999999,-111.449999999997,4
-87.5499999999993,-108.949999999997,6
-41.4499999999989,-111.449999999997,6
150.25,-110.449999999997,4
-51.8499999999985,-109.449999999997,6
-23.5499999999993,-109.949999999997,4
-10.6499999999996,-110.449999999997,6
-138.75,-109.949999999997,3
-76.1499999999996,-109.949999999997,6
-60.75,-109.449999999997,6
107.050000000001,-110.449999999997,6
-232.049999999999,-109.949999999997,6
-196.349999999999,-109.449999999997,6
18.1500000000015,-109.449999999997,6
22.6500000000015,-109.449999999997,4
135.85,-109.949999999997,6
-202.25,-109.449999999997,6
-115.849999999999,-108.949999999997,6
-105.949999999999,-108.949999999997,5
0.25,-109.449999999997,6
6.75,-108.949999999997,6
129.85,-109.449999999997,6
-462.949999999999,-109.449999999997,3
-179.449999999999,-109.449999999997,6
70.75,-107.949999999997,6
118.450000000001,-107.949999999997,4
142.25,-108.449999999997,6
-278.75,-108.449999999997,4
-188.349999999999,-107.949999999997,6
-14.6499999999996,-108.449999999997,4
112.950000000001,-108.449999999997,5
161.650000000001,-104.449999999997,6
-208.75,-108.949999999997,4
-100.449999999999,-108.949999999997,4
-64.25,-108.449999999997,6
-37.9499999999989,-107.449999999997,6
-5.64999999999964,-107.949999999997,4
-45.8499999999985,-107.949999999997,4
64.3500000000004,-106.449999999997,4
50.9500000000007,-105.449999999997,6
-169.049999999999,-105.449999999997,4
76.75,-105.949999999997,6
-316.449999999999,-105.449999999997,2
-284.15,-104.949999999997,6
132.85,-105.449999999997,6
-200.75,-105.449999999997,6
-194.849999999999,-104.949999999997,6
45.9500000000007,-104.449999999997,6
122.450000000001,-104.949999999997,4
-235.049999999999,-102.050000000003,4
-156.549999999999,-104.949999999997,6
-107.449999999999,-104.949999999997,6
-21.0499999999993,-104.449999999997,5
33.0500000000011,-105.949999999997,6
-294.65,-104.949999999997,6
-272.75,-103.449999999997,6
-182.949999999999,-104.949999999997,4
-81.1499999999996,-104.449999999997,4
-40.4499999999989,-104.949999999997,6
-10.6499999999996,-103.949999999997,6
9.25,-104.949999999997,6
-228.049999999999,-103.949999999997,4
-149.15,-102.949999999997,4
-72.25,-103.949999999997,6
-2.64999999999964,-103.949999999997,4
23.6500000000015,-103.449999999997,6
39.0500000000011,-103.449999999997,4
60.3500000000004,-103.949999999997,6
116.950000000001,-103.949999999997,4
140.25,-103.949999999997,6
-30.9499999999989,-102.550000000003,6
-311.049999999999,-102.949999999997,8
-176.449999999999,-102.949999999997,4
112.950000000001,-102.050000000003,6
128.35,-103.449999999997,6
-15.6499999999996,-100.550000000003,6
-105.949999999999,-99.0500000000029,6
134.85,-101.050000000003,6
-164.549999999999,-99.0500000000029,6
-201.75,-101.050000000003,6
-189.849999999999,-100.050000000003,6
-122.349999999999,-101.050000000003,4
16.6500000000015,-101.050000000003,4
29.0500000000011,-101.050000000003,4
43.4500000000007,-101.050000000003,6
53.4500000000007,-101.050000000003,6
151.75,-101.550000000003,6
-287.65,-99.5500000000029,6
-251.949999999999,-100.550000000003,4
-279.75,-99.5500000000029,5
-113.449999999999,-99.5500000000029,6
-61.25,-100.050000000003,4
-52.3499999999985,-98.5500000000029,6
-5.64999999999964,-99.5500000000029,6
2.75,-100.050000000003,4
161.150000000001,-96.0500000000029,4
-182.949999999999,-98.0500000000029,6
-45.3499999999985,-99.0500000000029,6
-205.25,-99.0500000000029,4
119.450000000001,-98.0500000000029,4
-140.75,-98.5500000000029,4
-135.75,-98.5500000000029,6
-231.049999999999,-98.0500000000029,6
-22.0499999999993,-98.0500000000029,6
51.4500000000007,-97.0500000000029,6
58.3500000000004,-97.5500000000029,6
140.25,-98.0500000000029,6
-145.15,-98.0500000000029,4
9.25,-97.0500000000029,4
24.6500000000015,-96.0500000000029,4
36.5500000000011,-96.0500000000029,4
131.35,-96.5500000000029,6
-247.949999999999,-97.0500000000029,4
-240.949999999999,-97.0500000000029,4
-214.65,-97.5500000000029,4
-195.849999999999,-95.0500000000029,6
-100.949999999999,-97.0500000000029,4
-10.1499999999996,-96.5500000000029,6
-1.25,-96.0500000000029,4
114.450000000001,-94.5500000000029,6
-149.65,-96.5500000000029,1
-108.449999999999,-94.0500000000029,6
-202.25,-95.0500000000029,3
-169.549999999999,-93.5500000000029,6
123.450000000001,-96.0500000000029,6
-78.6499999999996,-95.0500000000029,6
-35.9499999999989,-94.5500000000029,6
4.75,-94.5500000000029,4
152.650000000001,-93.0500000000029,6
-296.65,-94.5500000000029,5
-279.75,-94.5500000000029,6
-190.349999999999,-94.0500000000029,5
-86.1499999999996,-94.5500000000029,6
-68.75,-94.5500000000029,6
-62.75,-94.0500000000029,6
-58.75,-94.0500000000029,6
-30.4499999999989,-93.0500000000029,6
-16.0499999999993,-92.0500000000029,6
45.4500000000007,-93.5500000000029,4
-184.849999999999,-93.0500000000029,5
-144.65,-92.0500000000029,6
-54.3499999999985,-93.5500000000029,5
17.1500000000015,-94.0500000000029,6
30.5500000000011,-93.0500000000029,4
61.3500000000004,-91.5500000000029,3
-274.25,-92.5500000000029,6
-262.849999999999,-92.5500000000029,4
-235.549999999999,-92.5500000000029,6
-133.25,-92.5500000000029,4
-115.349999999999,-92.0500000000029,4
-46.3499999999985,-93.0500000000029,6
-7.14999999999964,-92.0500000000029,6
69.25,-92.5500000000029,6
76.75,-92.5500000000029,6
136.35,-91.5500000000029,6
-173.949999999999,-92.5500000000029,6
12.1500000000015,-90.5500000000029,6
-247.949999999999,-91.5500000000029,1
-193.349999999999,-91.5500000000029,6
-73.6499999999996,-89.5500000000029,6
164.150000000001,-91.5500000000029,6
-267.849999999999,-91.0500000000029,6
-218.65,-90.5500000000029,1
-22.0499999999993,-90.5500000000029,4
24.6500000000015,-90.5500000000029,6
84.1500000000015,-90.5500000000029,6
-205.25,-91.5500000000029,6
-161.049999999999,-91.5500000000029,6
-240.949999999999,-90.0500000000029,1
-225.15,-84.6500000000015,3
-285.65,-90.5500000000029,4
-200.25,-90.0500000000029,6
-180.449999999999,-90.0500000000029,4
-148.65,-90.5500000000029,6
-51.3499999999985,-90.0500000000029,6
-39.4499999999989,-90.0500000000029,6
124.450000000001,-89.5500000000029,6
-259.849999999999,-87.6500000000015,6
-109.449999999999,-89.0500000000029,6
-44.8499999999985,-88.5500000000029,6
50.9500000000007,-89.0500000000029,6
-273.75,-88.5500000000029,6
-86.1499999999996,-84.1500000000015,6
56.3500000000004,-89.0500000000029,4
145.25,-89.0500000000029,6
-192.849999999999,-87.1500000000015,6
-100.449999999999,-88.1500000000015,6
-18.0499999999993,-88.1500000000015,6
17.1500000000015,-87.6500000000015,4
-295.15,-87.1500000000015,5
-33.9499999999989,-87.6500000000015,6
-0.75,-88.1500000000015,6
134.35,-87.1500000000015,5
-176.449999999999,-84.6500000000015,6
-80.1499999999996,-87.1500000000015,4
-24.5499999999993,-87.1500000000015,6
7.25,-87.6500000000015,6
115.950000000001,-86.1500000000015,5
-303.049999999999,-85.1500000000015,6
-245.449999999999,-87.1500000000015,1
-168.049999999999,-87.1500000000015,6
-142.65,-86.6500000000015,4
-61.25,-86.6500000000015,6
-183.449999999999,-86.1500000000015,6
-67.25,-86.6500000000015,6
-56.3499999999985,-85.1500000000015,6
45.4500000000007,-86.6500000000015,6
-138.25,-85.1500000000015,4
-7.14999999999964,-85.6500000000015,4
66.8500000000004,-85.1500000000015,6
-290.65,-85.1500000000015,5
-95.0499999999993,-86.1500000000015,6
100.550000000001,-84.6500000000015,4
-270.25,-84.6500000000015,3
-204.25,-84.6500000000015,4
-110.449999999999,-84.1500000000015,4
28.5500000000011,-85.6500000000015,6
58.3500000000004,-84.6500000000015,4
126.85,-84.6500000000015,6
140.75,-84.6500000000015,6
-160.049999999999,-82.6500000000015,6
-51.3499999999985,-81.6500000000015,6
-30.0499999999993,-84.1500000000015,6
0.25,-84.1500000000015,6
85.1500000000015,-84.6500000000015,6
-145.65,-83.6500000000015,4
15.1500000000015,-84.1500000000015,4
177.550000000001,-84.1500000000015,4
-76.1499999999996,-82.1500000000015,6
120.950000000001,-83.1500000000015,5
131.85,-83.1500000000015,6
-80.1499999999996,-82.1500000000015,6
-261.849999999999,-82.6500000000015,6
-231.549999999999,-82.6500000000015,6
-14.1499999999996,-83.1500000000015,4
6.75,-82.6500000000015,4
38.5500000000011,-81.6500000000015,4
-243.949999999999,-81.6500000000015,6
-209.25,-81.6500000000015,4
-42.4499999999989,-82.6500000000015,6
-153.15,-80.6500000000015,6
52.9500000000007,-80.6500000000015,4
23.1500000000015,-79.1500000000015,6
125.35,-81.1500000000015,6
-136.25,-81.6500000000015,6
153.150000000001,-80.1500000000015,4
177.050000000001,-80.1500000000015,4
-232.549999999999,-78.6500000000015,5
-197.349999999999,-80.6500000000015,6
-181.949999999999,-80.1500000000015,6
-64.75,-80.1500000000015,6
-59.25,-79.6500000000015,4
14.6500000000015,-80.1500000000015,6
69.75,-79.6500000000015,4
133.85,-79.1500000000015,4
-271.25,-78.6500000000015,6
-26.5499999999993,-80.1500000000015,6
-22.5499999999993,-78.6500000000015,4
59.3500000000004,-78.1500000000015,6
139.25,-79.6500000000015,4
171.050000000001,-79.6500000000015,6
-203.75,-78.6500000000015,1
-175.449999999999,-76.1500000000015,4
98.5500000000011,-78.1500000000015,6
-277.25,-77.6500000000015,6
-5.14999999999964,-78.1500000000015,4
45.9500000000007,-77.1500000000015,5
111.950000000001,-78.6500000000015,4
146.25,-78.1500000000015,6
-165.549999999999,-75.6500000000015,6
-33.4499999999989,-77.1500000000015,6
-298.049999999999,-77.6500000000015,5
-239.549999999999,-75.6500000000015,6
-73.1499999999996,-77.6500000000015,6
10.75,-76.6500000000015,6
29.0500000000011,-77.1500000000015,4
-262.849999999999,-74.6500000000015,5
-78.6499999999996,-76.6500000000015,4
-12.6499999999996,-76.6500000000015,6
35.5500000000011,-76.6500000000015,4
130.35,-76.1500000000015,6
-45.8499999999985,-75.1500000000015,4
-39.4499999999989,-76.6500000000015,6
64.3500000000004,-76.6500000000015,6
117.450000000001,-76.6500000000015,6
-226.65,-75.1500000000015,1
-149.65,-76.1500000000015,6
-141.75,-73.25,6
-136.25,-75.6500000000015,5
-184.849999999999,-74.6500000000015,3
-118.849999999999,-75.1500000000015,6
123.950000000001,-75.1500000000015,6
-213.15,-74.6500000000015,1
-189.849999999999,-74.25,6
-150.65,-70.25,6
73.75,-75.6500000000015,5
-128.75,-74.6500000000015,4
4.25,-74.6500000000015,6
55.3500000000004,-73.25,6
-196.349999999999,-73.75,6
-58.25,-73.25,4
97.5500000000011,-72.75,4
176.050000000001,-74.25,6
-284.15,-73.75,1
-204.25,-72.25,6
-21.0499999999993,-72.75,4
17.6500000000015,-74.25,6
38.5500000000011,-73.25,6
168.050000000001,-73.75,6
-54.3499999999985,-72.25,6
48.4500000000007,-72.75,6
142.75,-73.25,6
-291.15,-72.25,5
-223.65,-73.25,1
-186.349999999999,-73.25,4
-157.549999999999,-72.75,4
-63.75,-72.75,6
-10.6499999999996,-71.75,6
128.35,-71.25,6
-232.549999999999,-72.25,1
-71.25,-72.25,6
-134.75,-71.25,6
-1.25,-70.25,6
68.75,-72.25,6
93.6500000000015,-69.75,6
-256.849999999999,-70.75,6
-36.4499999999989,-69.75,6
-15.1499999999996,-71.75,4
63.8500000000004,-70.25,4
-214.65,-70.25,1
59.8500000000004,-70.75,4
115.950000000001,-69.75,4
146.75,-70.75,6
-226.65,-68.75,6
-177.949999999999,-68.75,6
-115.849999999999,-69.75,6
12.1500000000015,-69.25,4
-171.449999999999,-66.75,6
24.6500000000015,-68.75,6
81.75,-69.75,6
-295.15,-69.25,4
-282.75,-68.75,1
-50.3499999999985,-69.25,4
-241.449999999999,-68.25,1
-78.6499999999996,-69.75,6
-29.5499999999993,-69.25,6
-6.14999999999964,-68.75,6
41.4500000000007,-68.75,4
103.050000000001,-68.25,6
161.650000000001,-67.25,4
178.050000000001,-68.25,4
20.1500000000015,-68.25,5
-126.849999999999,-66.25,6
45.4500000000007,-66.25,4
-184.849999999999,-66.25,6
-58.75,-67.25,6
-21.0499999999993,-64.75,4
68.75,-66.75,5
152.25,-66.75,6
-201.25,-66.25,6
-84.1499999999996,-66.75,6
-66.75,-66.75,6
6.75,-66.25,4
-253.449999999999,-64.75,6
-259.349999999999,-65.25,5
-14.1499999999996,-64.75,6
-307.049999999999,-64.75,1
-292.15,-65.25,4
-231.049999999999,-65.25,1
-42.9499999999989,-65.25,4
35.0500000000011,-63.75,4
145.25,-64.25,6
-286.15,-64.25,5
-245.449999999999,-62.25,6
-26.5499999999993,-64.25,4
-6.14999999999964,-63.25,6
52.4500000000007,-65.25,6
110.050000000001,-64.25,6
123.950000000001,-64.25,4
131.35,-63.75,4
-75.6499999999996,-64.25,6
58.8500000000004,-62.75,6
13.1500000000015,-61.75,6
139.75,-61.75,3
-169.049999999999,-62.75,4
-155.65,-64.25,4
-146.65,-62.25,5
-140.25,-62.25,4
-0.25,-63.25,6
30.5500000000011,-61.25,6
82.25,-63.25,4
-263.349999999999,-62.25,5
117.950000000001,-61.75,6
-216.65,-62.25,3
-62.75,-62.25,6
-192.349999999999,-58.8499999999985,6
-124.349999999999,-60.75,6
-51.3499999999985,-60.3499999999985,4
-11.6499999999996,-60.75,4
-258.849999999999,-60.3499999999985,5
-177.449999999999,-60.3499999999985,6
-71.25,-60.3499999999985,4
-35.4499999999989,-60.75,6
27.0500000000011,-60.75,6
155.650000000001,-60.3499999999985,4
-282.75,-59.8499999999985,4
-252.449999999999,-58.8499999999985,6
-160.549999999999,-60.3499999999985,1
-115.349999999999,-59.8499999999985,6
-82.1499999999996,-61.75,6
79.75,-57.8499999999985,6
-183.949999999999,-59.3499999999985,6
-108.949999999999,-60.3499999999985,6
-26.0499999999993,-57.3499999999985,4
148.25,-59.3499999999985,4
161.650000000001,-58.8499999999985,4
106.050000000001,-59.3499999999985,6
304.150000000001,-58.8499999999985,10
-202.75,-58.3499999999985,1
132.35,-56.3499999999985,4
0.75,-57.3499999999985,6
125.35,-58.3499999999985,6
-277.75,-56.8499999999985,4
-169.549999999999,-56.8499999999985,6
-42.9499999999989,-57.3499999999985,6
-4.64999999999964,-57.3499999999985,4
-231.549999999999,-56.3499999999985,4
-66.25,-57.3499999999985,4
-129.75,-57.3499999999985,6
-89.0499999999993,-56.3499999999985,6
-249.949999999999,-54.8499999999985,6
-226.15,-56.3499999999985,4
-151.15,-55.8499999999985,6
-144.15,-55.3499999999985,6
-100.049999999999,-54.3499999999985,6
-59.75,-55.8499999999985,3
-20.0499999999993,-56.8499999999985,6
-257.849999999999,-53.8499999999985,4
-240.049999999999,-55.8499999999985,1
-48.3499999999985,-54.8499999999985,6
-9.64999999999964,-54.8499999999985,4
77.75,-55.8499999999985,6
111.950000000001,-54.8499999999985,4
-201.75,-54.8499999999985,1
-54.3499999999985,-54.8499999999985,6
22.1500000000015,-54.8499999999985,6
-164.049999999999,-53.8499999999985,6
-81.6499999999996,-53.3499999999985,6
13.6500000000015,-53.8499999999985,4
34.0500000000011,-53.8499999999985,4
155.650000000001,-53.8499999999985,6
-268.849999999999,-53.8499999999985,6
-188.849999999999,-53.3499999999985,6
0.25,-52.3499999999985,6
-122.849999999999,-52.8499999999985,4
-158.049999999999,-52.3499999999985,6
-108.449999999999,-51.8499999999985,6
-87.0499999999993,-51.8499999999985,6
-74.6499999999996,-53.3499999999985,6
-15.1499999999996,-52.3499999999985,6
87.1500000000015,-52.3499999999985,4
-179.949999999999,-51.3499999999985,6
-170.949999999999,-52.3499999999985,6
6.75,-51.8499999999985,4
-146.65,-50.3499999999985,6
-116.349999999999,-52.3499999999985,8
-95.0499999999993,-51.3499999999985,6
-44.3499999999985,-51.3499999999985,6
124.450000000001,-51.3499999999985,6
-219.15,-50.3499999999985,4
-103.449999999999,-51.3499999999985,6
-57.8499999999985,-49.8499999999985,4
97.5500000000011,-49.3499999999985,4
115.950000000001,-50.8499999999985,6
149.75,-50.8499999999985,4
-235.049999999999,-48.8499999999985,4
-22.5499999999993,-49.8499999999985,6
107.050000000001,-47.8499999999985,4
-227.049999999999,-48.8499999999985,6
3.75,-48.8499999999985,6
172.550000000001,-48.8499999999985,6
11.75,-48.8499999999985,6
-272.75,-46.3499999999985,4
-123.349999999999,-45.4499999999971,4
27.5500000000011,-48.3499999999985,6
-142.65,-47.8499999999985,6
-138.25,-44.4499999999971,6
88.1500000000015,-47.3499999999985,5
-164.549999999999,-45.4499999999971,6
-7.14999999999964,-46.8499999999985,5
32.0500000000011,-45.9499999999971,6
155.150000000001,-47.3499999999985,5
-282.25,-46.8499999999985,1
-247.949999999999,-46.3499999999985,3
-158.549999999999,-45.4499999999971,6
-41.4499999999989,-46.8499999999985,4
180.550000000001,-43.4499999999971,6
-114.849999999999,-44.9499999999971,4
-93.0499999999993,-46.3499999999985,6
-25.5499999999993,-46.3499999999985,4
22.6500000000015,-46.8499999999985,4
-84.1499999999996,-46.3499999999985,1
-62.75,-45.9499999999971,6
-49.3499999999985,-46.3499999999985,6
-33.4499999999989,-45.4499999999971,4
118.950000000001,-43.9499999999971,4
-133.25,-45.9499999999971,4
-19.0499999999993,-44.9499999999971,4
111.950000000001,-45.4499999999971,4
-209.25,-43.9499999999971,6
-196.349999999999,-44.4499999999971,3
-185.349999999999,-44.4499999999971,3
-107.949999999999,-45.4499999999971,4
-1.75,-44.4499999999971,6
18.1500000000015,-42.9499999999971,6
-220.15,-42.9499999999971,4
5.25,-43.4499999999971,6
129.85,-44.4499999999971,6
-228.549999999999,-42.9499999999971,4
-173.949999999999,-44.4499999999971,6
-127.349999999999,-41.9499999999971,6
37.5500000000011,-43.9499999999971,6
84.1500000000015,-43.4499999999971,6
-73.1499999999996,-42.4499999999971,4
-57.3499999999985,-41.9499999999971,6
-213.15,-38.9499999999971,6
-99.0499999999993,-41.4499999999971,4
-104.949999999999,-42.4499999999971,5
-79.6499999999996,-40.9499999999971,5
-66.75,-41.4499999999971,4
-202.75,-39.9499999999971,6
-39.9499999999989,-40.4499999999971,4
186.950000000001,-39.9499999999971,4
-143.65,-39.4499999999971,6
-88.5499999999993,-38.9499999999971,6
-61.25,-38.9499999999971,6
134.85,-39.4499999999971,6
138.75,-38.9499999999971,4
-154.15,-34.9499999999971,4
-33.9499999999989,-38.9499999999971,6
-16.0499999999993,-35.9499999999971,6
31.5500000000011,-38.4499999999971,4
75.25,-37.9499999999971,6
82.25,-38.9499999999971,4
111.450000000001,-38.9499999999971,4
165.650000000001,-35.4499999999971,6
-109.449999999999,-37.9499999999971,4
44.9500000000007,-38.4499999999971,6
87.1500000000015,-37.9499999999971,4
128.85,-37.4499999999971,6
-75.1499999999996,-35.9499999999971,4
-45.3499999999985,-34.4499999999971,4
103.550000000001,-36.4499999999971,4
-185.849999999999,-36.4499999999971,4
-119.349999999999,-36.4499999999971,6
-68.75,-36.4499999999971,6
-54.8499999999985,-35.4499999999971,4
71.25,-34.9499999999971,6
-96.5499999999993,-35.4499999999971,3
-257.349999999999,-35.4499999999971,3
-136.75,-32.4499999999971,6
-22.0499999999993,-35.9499999999971,4
-235.049999999999,-35.4499999999971,1
-113.449999999999,-34.9499999999971,6
-277.75,-33.9499999999971,5
-101.449999999999,-34.4499999999971,4
-209.75,-33.9499999999971,4
-84.6499999999996,-34.4499999999971,5
-62.25,-33.4499999999971,6
-462.949999999999,-33.4499999999971,3
-177.949999999999,-31.5500000000029,6
-78.6499999999996,-32.9499999999971,6
88.1500000000015,-32.4499999999971,6
-183.449999999999,-32.0500000000029,6
80.25,-32.0500000000029,4
-91.5499999999993,-30.0500000000029,4
-13.1499999999996,-32.0500000000029,6
-6.64999999999964,-28.5500000000029,4
-109.949999999999,-30.5500000000029,6
-68.25,-30.5500000000029,6
113.450000000001,-30.5500000000029,4
-204.75,-30.5500000000029,3
-171.449999999999,-29.0500000000029,4
27.5500000000011,-29.0500000000029,6
-51.3499999999985,-26.5500000000029,4
-147.65,-25.0500000000029,6
-113.449999999999,-27.5500000000029,6
-29.5499999999993,-28.0500000000029,6
-21.0499999999993,-27.5500000000029,4
-2.14999999999964,-27.0500000000029,6
21.1500000000015,-28.5500000000029,6
-57.8499999999985,-28.0500000000029,6
93.6500000000015,-27.0500000000029,6
-100.949999999999,-27.0500000000029,6
-83.1499999999996,-27.0500000000029,6
-64.25,-26.5500000000029,4
-72.25,-26.0500000000029,6
13.1500000000015,-26.0500000000029,4
-135.25,-25.5500000000029,6
5.75,-24.0500000000029,4
85.6500000000015,-25.5500000000029,4
101.550000000001,-26.0500000000029,6
-34.4499999999989,-25.5500000000029,6
-240.049999999999,-24.5500000000029,4
-231.549999999999,-24.5500000000029,4
-142.25,-24.0500000000029,6
-42.4499999999989,-24.5500000000029,6
-198.349999999999,-25.5500000000029,6
-122.849999999999,-23.5500000000029,6
-155.65,-24.0500000000029,5
-150.65,-24.5500000000029,6
-96.5499999999993,-23.0500000000029,6
155.650000000001,-23.5500000000029,4
-225.15,-23.5500000000029,4
43.9500000000007,-22.5500000000029,6
-109.449999999999,-23.0500000000029,6
-78.1499999999996,-22.5500000000029,6
-28.0499999999993,-23.0500000000029,6
-12.1499999999996,-22.0500000000029,4
11.25,-22.5500000000029,4
30.0500000000011,-21.0500000000029,6
-86.5499999999993,-21.5500000000029,4
56.8500000000004,-21.5500000000029,4
182.450000000001,-22.0500000000029,6
-18.5499999999993,-21.5500000000029,4
-6.64999999999964,-21.0500000000029,4
-183.949999999999,-19.5500000000029,3
-67.25,-19.0500000000029,4
-58.25,-20.5500000000029,4
113.950000000001,-22.0500000000029,6
170.050000000001,-20.5500000000029,6
-162.549999999999,-20.0500000000029,6
-53.3499999999985,-20.0500000000029,6
90.1500000000015,-19.5500000000029,4
-92.0499999999993,-20.0500000000029,6
-47.8499999999985,-20.5500000000029,6
-42.4499999999989,-19.0500000000029,6
-236.549999999999,-19.0500000000029,4
-127.349999999999,-19.5500000000029,3
-36.4499999999989,-18.5500000000029,4
-224.15,-18.5500000000029,4
-150.65,-18.1500000000015,6
-1.75,-18.1500000000015,6
-190.349999999999,-19.0500000000029,6
-142.65,-18.1500000000015,6
175.550000000001,-18.1500000000015,6
-156.549999999999,-17.6500000000015,6
-22.5499999999993,-18.5500000000029,6
96.1500000000015,-17.1500000000015,6
-220.15,-15.6500000000015,3
-115.349999999999,-18.1500000000015,6
-74.6499999999996,-17.6500000000015,4
118.950000000001,-17.6500000000015,4
-97.5499999999993,-17.1500000000015,4
-61.25,-15.6500000000015,4
85.6500000000015,-16.1500000000015,6
-227.049999999999,-16.6500000000015,4
-80.6499999999996,-17.1500000000015,6
2.75,-13.6500000000015,4
45.9500000000007,-16.1500000000015,4
164.650000000001,-15.6500000000015,6
-137.25,-16.6500000000015,4
-122.849999999999,-13.6500000000015,4
10.75,-16.1500000000015,4
27.0500000000011,-15.6500000000015,4
150.75,-16.1500000000015,6
-42.4499999999989,-15.6500000000015,6
187.450000000001,-15.1500000000015,6
-86.5499999999993,-15.1500000000015,4
-52.8499999999985,-14.1500000000015,6
-15.1499999999996,-14.6500000000015,6
-9.14999999999964,-15.1500000000015,6
35.0500000000011,-15.1500000000015,6
-180.949999999999,-13.1500000000015,4
-113.449999999999,-12.1500000000015,6
89.6500000000015,-13.1500000000015,6
177.050000000001,-14.1500000000015,6
-189.849999999999,-12.6500000000015,4
-184.449999999999,-8.65000000000146,4
-161.049999999999,-13.6500000000015,6
106.050000000001,-13.1500000000015,6
-97.5499999999993,-12.6500000000015,4
-217.65,-12.6500000000015,1
-153.65,-12.6500000000015,6
-33.9499999999989,-12.6500000000015,4
-207.75,-10.6500000000015,1
-175.449999999999,-12.6500000000015,4
-166.549999999999,-7.65000000000146,6
-105.449999999999,-12.1500000000015,6
-79.6499999999996,-11.1500000000015,4
-72.25,-11.6500000000015,5
-234.049999999999,-12.1500000000015,1
-141.25,-11.1500000000015,4
-28.0499999999993,-11.1500000000015,4
80.75,-10.1500000000015,6
100.550000000001,-12.1500000000015,4
-64.25,-10.1500000000015,6
-4.14999999999964,-8.65000000000146,6
-431.15,-9.65000000000146,10
-85.6499999999996,-9.65000000000146,4
-41.4499999999989,-9.65000000000146,6
-21.0499999999993,-9.65000000000146,4
9.75,-10.6500000000015,4
15.6500000000015,-10.1500000000015,4
-9.64999999999964,-9.65000000000146,6
146.75,-11.1500000000015,4
174.550000000001,-9.65000000000146,6
-49.3499999999985,-9.65000000000146,6
-91.0499999999993,-8.65000000000146,6
86.1500000000015,-8.15000000000146,6
110.050000000001,-8.65000000000146,6
-157.549999999999,-6.65000000000146,4
40.0500000000011,-8.15000000000146,6
95.6500000000015,-7.65000000000146,6
-138.25,-7.15000000000146,4
-120.349999999999,-7.15000000000146,6
-99.0499999999993,-7.15000000000146,6
-32.9499999999989,-7.65000000000146,6
-172.449999999999,-5.15000000000146,6
-144.65,-7.15000000000146,4
-74.1499999999996,-7.15000000000146,6
0.25,-4.65000000000146,6
-234.049999999999,-6.65000000000146,1
26.5500000000011,-7.65000000000146,4
103.550000000001,-5.15000000000146,6
-151.65,-5.65000000000146,6
-84.6499999999996,-5.65000000000146,6
-60.75,-5.65000000000146,4
5.75,-5.65000000000146,6
152.650000000001,-5.15000000000146,6
-46.3499999999985,-5.15000000000146,6
11.75,-4.25,6
118.950000000001,-4.25,6
-23.5499999999993,-4.25,6
89.1500000000015,-4.65000000000146,6
-116.849999999999,-4.25,6
-90.0499999999993,-3.75,6
-70.25,-4.25,6
-55.3499999999985,-4.65000000000146,4
-15.1499999999996,-3.75,6
80.25,-3.75,6
111.950000000001,-3.75,6
142.75,-3.25,6
159.150000000001,-4.65000000000146,6
-194.349999999999,-3.75,1
-176.449999999999,-3.75,6
-78.6499999999996,-3.75,6
-42.4499999999989,-3.75,4
96.1500000000015,-3.25,6
-160.549999999999,-3.75,4
-122.849999999999,-2.75,6
-64.25,-2.75,6
-247.449999999999,-2.25,3
-185.849999999999,-2.75,6
-128.75,-4.25,4
183.950000000001,-2.25,3
-181.449999999999,-2.25,3
-103.449999999999,-2.25,6
-47.8499999999985,-1.75,3
-30.0499999999993,-2.25,4
-2.64999999999964,-2.25,3
148.75,-2.25,4
165.650000000001,-1.75,3
-406.349999999999,-1.75,3
-93.5499999999993,-2.25,6
13.6500000000015,-2.25,6
104.550000000001,-1.75,3
-293.15,-1.75,3
-287.65,-1.25,3
-236.049999999999,-1.75,3
-203.25,-3.25,1
-153.65,-1.75,3
-146.15,-2.25,3
-109.949999999999,-1.25,3
-53.3499999999985,-1.25,3
-34.9499999999989,-1.25,3
27.0500000000011,-1.75,3
172.050000000001,-1.25,3
-228.049999999999,-632.75,10
220.75,-560.25,1
318.550000000001,-524.449999999997,4
-305.549999999999,-343.25,10
43.4500000000007,-298.150000000001,4
37.5500000000011,-290.150000000001,6
-188.849999999999,-271.25,3
-29.5499999999993,-257.349999999999,4
-97.0499999999993,-248.449999999997,2
-153.15,-246.949999999997,6
-84.6499999999996,-240.550000000003,6
-125.349999999999,-232.550000000003,5
-187.849999999999,-230.050000000003,6
-90.0499999999993,-221.650000000001,6
-151.65,-219.150000000001,6
-102.449999999999,-215.650000000001,6
-231.549999999999,-212.75,1
-211.75,-209.75,6
-191.849999999999,-208.75,6
-257.349999999999,-200.349999999999,6
-29.0499999999993,-197.849999999999,6
-184.849999999999,-192.349999999999,6
-154.15,-187.349999999999,3
-135.25,-171.550000000003,6
-22.5499999999993,-171.550000000003,5
-43.4499999999989,-169.050000000003,6
-221.15,-170.050000000003,3
-99.5499999999993,-168.550000000003,6
-187.349999999999,-167.550000000003,4
-281.25,-164.550000000003,3
-23.0499999999993,-164.050000000003,6
-329.349999999999,-159.550000000003,6
-213.15,-156.150000000001,6
18.6500000000015,-148.150000000001,3
42.9500000000007,-146.150000000001,1
128.85,-145.150000000001,6
65.3500000000004,-144.25,4
-315.949999999999,-143.25,5
-90.5499999999993,-143.75,6
-20.0499999999993,-143.75,6
-298.049999999999,-142.25,3
-191.849999999999,-141.25,6
71.75,-140.25,6
-135.25,-137.25,6
83.1500000000015,-137.25,6
-157.549999999999,-134.75,6
-83.1499999999996,-132.25,4
-130.75,-129.849999999999,3
-57.3499999999985,-126.849999999999,6
-167.549999999999,-125.849999999999,6
-121.349999999999,-123.849999999999,6
10.75,-123.349999999999,6
-223.15,-120.349999999999,4
-57.3499999999985,-107.449999999997,6
-76.1499999999996,-103.449999999997,4
-56.3499999999985,-103.949999999997,6
-224.15,-103.949999999997,1
72.75,-102.050000000003,6
34.0500000000011,-100.550000000003,3
-256.349999999999,-99.5500000000029,6
-283.15,-93.5500000000029,5
-187.849999999999,-87.1500000000015,6
2.75,-87.6500000000015,4
44.9500000000007,-82.1500000000015,6
-146.15,-78.6500000000015,6
77.25,-77.1500000000015,6
-67.75,-75.6500000000015,6
-235.549999999999,-69.75,1
-271.75,-66.75,3
-72.25,-66.75,3
81.25,-66.75,3
4.25,-61.75,4
22.6500000000015,-60.75,4
-163.549999999999,-59.3499999999985,4
-86.1499999999996,-58.3499999999985,4
94.6500000000015,-52.8499999999985,6
-129.25,-49.8499999999985,4
25.6500000000015,-51.3499999999985,6
-82.6499999999996,-48.8499999999985,1
-97.0499999999993,-47.8499999999985,6
138.35,-48.3499999999985,3
-221.15,-47.3499999999985,4
-101.949999999999,-46.8499999999985,6
55.8500000000004,-43.4499999999971,4
-53.3499999999985,-42.9499999999971,1
79.25,-43.4499999999971,4
41.9500000000007,-40.4499999999971,6
141.75,-38.4499999999971,6
-220.65,-37.9499999999971,1
-103.949999999999,-38.4499999999971,4
-134.75,-35.4499999999971,4
-106.949999999999,-34.4499999999971,4
-86.1499999999996,-29.0500000000029,6
148.75,-28.5500000000029,3
25.6500000000015,-24.5500000000029,4
12.6500000000015,-18.5500000000029,4
-109.449999999999,-16.6500000000015,6
-80.6499999999996,-7.65000000000146,6
-99.0499999999993,-2.25,3
63.8500000000004,-1.75,3
98.5500000000011,-1.75,3
-261.849999999999,-1.25,3
55.8500000000004,-1.25,3
161.150000000001,-1.25,3
-68.25,-1.25,3
154.150000000001,-1.25,3
139.75,-0.75,3
-462.949999999999,-135.75,3
-92.5499999999993,-13.1500000000015,6
-162.049999999999,1.75,3
122.450000000001,1.75,3
-420.75,16.1500000000015,4
-72.25,78.1500000000015,4
-463.949999999999,318.449999999997,3
463.950000000001,539.849999999999,3
-397.349999999999,691.349999999999,10
-385.949999999999,696.25,4
-265.849999999999,2.25,3
-244.949999999999,1.75,3
-227.549999999999,2.75,1
-177.949999999999,2.25,3
-169.049999999999,2.25,3
-121.849999999999,2.25,3
-82.1499999999996,1.75,3
-69.25,2.25,3
-48.8499999999985,1.75,3
-17.0499999999993,3.75,6
20.6500000000015,1.75,3
27.5500000000011,2.25,3
45.9500000000007,2.25,3
59.3500000000004,2.25,3
112.950000000001,3.25,6
135.85,3.25,6
151.25,1.75,3
155.650000000001,1.75,3
169.550000000001,2.25,3
9.25,3.75,4
178.050000000001,2.25,3
363.650000000001,2.75,3
-233.549999999999,2.75,3
-208.25,3.75,1
-30.9499999999989,2.25,3
128.35,2.25,3
-97.0499999999993,3.25,4
38.5500000000011,3.25,4
52.4500000000007,3.75,6
-212.75,3.25,1
-197.349999999999,3.75,6
-190.349999999999,4.25,6
-50.8499999999985,3.75,6
-144.15,5.15000000000146,6
-90.5499999999993,4.25,4
-35.9499999999989,4.75,6
-8.14999999999964,3.25,6
15.6500000000015,5.15000000000146,4
33.5500000000011,4.25,4
72.75,3.75,6
117.450000000001,4.25,6
-131.25,3.75,6
-76.1499999999996,4.75,4
-41.9499999999989,4.75,6
-0.25,4.75,4
71.25,4.75,6
-157.549999999999,4.75,4
-81.6499999999996,5.65000000000146,4
-58.25,5.15000000000146,5
20.6500000000015,6.15000000000146,4
90.1500000000015,5.15000000000146,6
155.650000000001,5.65000000000146,6
-280.25,7.65000000000146,10
-242.449999999999,5.65000000000146,6
-109.949999999999,5.65000000000146,6
-69.75,8.65000000000146,5
-23.0499999999993,5.65000000000146,4
97.5500000000011,5.15000000000146,6
-297.049999999999,5.65000000000146,4
-169.549999999999,6.15000000000146,6
-99.5499999999993,5.15000000000146,6
-62.25,5.15000000000146,6
45.9500000000007,5.65000000000146,6
-229.549999999999,7.65000000000146,1
-201.75,6.15000000000146,4
-104.449999999999,6.65000000000146,6
41.4500000000007,7.15000000000146,4
65.3500000000004,6.65000000000146,1
82.25,6.65000000000146,6
-264.349999999999,7.65000000000146,10
-47.3499999999985,8.15000000000146,6
6.25,6.65000000000146,4
55.3500000000004,7.15000000000146,4
142.25,8.15000000000146,6
-11.6499999999996,7.15000000000146,6
104.050000000001,6.65000000000146,6
120.950000000001,7.65000000000146,4
-137.25,9.15000000000146,6
-126.349999999999,8.15000000000146,6
-84.1499999999996,7.65000000000146,6
113.950000000001,9.65000000000146,6
150.75,9.15000000000146,6
-188.849999999999,8.15000000000146,6
-89.5499999999993,8.65000000000146,6
-52.3499999999985,10.6500000000015,6
-28.5499999999993,9.15000000000146,4
30.5500000000011,8.65000000000146,6
38.0500000000011,10.6500000000015,5
160.650000000001,8.65000000000146,3
-197.849999999999,9.15000000000146,4
-176.949999999999,9.15000000000146,6
-163.049999999999,9.15000000000146,5
-155.15,8.65000000000146,6
-75.1499999999996,9.15000000000146,4
0.25,9.65000000000146,4
10.75,8.65000000000146,4
137.35,8.65000000000146,6
169.550000000001,8.15000000000146,6
-112.449999999999,9.15000000000146,4
-38.4499999999989,8.65000000000146,6
59.8500000000004,10.1500000000015,6
-14.6499999999996,11.1500000000015,6
128.35,10.6500000000015,4
-205.25,9.65000000000146,1
-120.849999999999,10.6500000000015,6
-61.25,10.1500000000015,6
90.6500000000015,9.65000000000146,6
-213.65,10.6500000000015,1
-97.5499999999993,10.6500000000015,4
80.25,12.6500000000015,5
22.6500000000015,11.6500000000015,4
27.5500000000011,11.6500000000015,6
65.3500000000004,11.6500000000015,6
-169.049999999999,11.6500000000015,6
-185.849999999999,12.1500000000015,1
-142.25,13.6500000000015,6
-105.949999999999,12.1500000000015,5
-84.6499999999996,12.6500000000015,6
-5.64999999999964,11.6500000000015,4
71.75,13.6500000000015,6
98.5500000000011,12.6500000000015,6
-23.0499999999993,13.1500000000015,6
87.1500000000015,13.6500000000015,6
107.050000000001,15.1500000000015,6
120.950000000001,12.6500000000015,6
-206.25,13.1500000000015,4
-43.9499999999989,12.6500000000015,6
-133.75,13.6500000000015,6
42.4500000000007,14.1500000000015,6
53.4500000000007,13.1500000000015,6
-157.549999999999,14.6500000000015,5
-150.15,13.6500000000015,6
-128.75,15.1500000000015,6
-117.349999999999,14.1500000000015,5
-32.4499999999989,14.1500000000015,6
31.5500000000011,14.6500000000015,6
93.1500000000015,13.6500000000015,6
149.75,15.6500000000015,6
-224.65,14.6500000000015,1
-89.0499999999993,15.1500000000015,6
172.550000000001,14.6500000000015,6
-201.75,15.6500000000015,1
-76.1499999999996,14.6500000000015,6
-63.75,15.1500000000015,6
-39.4499999999989,15.1500000000015,5
16.6500000000015,15.1500000000015,4
-206.75,16.6500000000015,1
-191.349999999999,16.1500000000015,1
-95.5499999999993,16.6500000000015,6
-9.14999999999964,17.1500000000015,4
135.85,16.1500000000015,6
168.050000000001,16.6500000000015,6
-215.15,18.6500000000015,6
-135.25,18.1500000000015,6
-110.949999999999,16.6500000000015,5
8.25,16.6500000000015,6
60.3500000000004,17.1500000000015,6
142.75,16.6500000000015,6
-170.549999999999,16.6500000000015,6
65.8500000000004,17.1500000000015,6
-174.949999999999,17.6500000000015,6
-163.549999999999,18.1500000000015,6
-82.1499999999996,18.1500000000015,6
-24.5499999999993,17.6500000000015,6
47.4500000000007,17.6500000000015,6
84.6500000000015,18.1500000000015,6
158.650000000001,17.6500000000015,6
-52.8499999999985,20.5500000000029,4
-3.64999999999964,18.6500000000015,6
23.6500000000015,19.5500000000029,4
120.950000000001,19.1500000000015,6
127.85,18.6500000000015,6
-116.349999999999,19.1500000000015,6
-105.449999999999,19.1500000000015,6
-18.0499999999993,19.1500000000015,6
-209.25,19.5500000000029,1
-197.349999999999,19.1500000000015,1
-141.75,19.5500000000029,6
-121.349999999999,18.6500000000015,6
-60.75,19.1500000000015,6
-43.9499999999989,19.5500000000029,4
-39.4499999999989,20.5500000000029,4
30.0500000000011,20.0500000000029,6
90.1500000000015,21.0500000000029,6
100.550000000001,23.5500000000029,6
-201.75,20.5500000000029,1
-187.349999999999,22.0500000000029,6
-151.65,20.0500000000029,4
2.75,20.5500000000029,6
38.0500000000011,21.0500000000029,6
68.3500000000004,20.0500000000029,6
-422.75,21.0500000000029,4
-158.549999999999,21.0500000000029,6
-145.65,21.5500000000029,6
-127.849999999999,20.5500000000029,6
76.25,20.5500000000029,3
-171.949999999999,21.5500000000029,6
-67.25,21.0500000000029,4
-33.4499999999989,22.0500000000029,6
7.75,21.5500000000029,6
150.25,21.5500000000029,4
-224.65,21.0500000000029,3
-89.5499999999993,24.5500000000029,6
-49.3499999999985,22.0500000000029,4
-8.64999999999964,22.5500000000029,6
17.1500000000015,22.0500000000029,6
52.9500000000007,24.5500000000029,6
57.8500000000004,21.0500000000029,6
107.050000000001,23.5500000000029,5
-106.949999999999,22.5500000000029,6
-97.5499999999993,22.5500000000029,6
64.3500000000004,21.5500000000029,6
81.25,22.0500000000029,6
141.25,22.0500000000029,6
155.650000000001,23.0500000000029,4
-26.0499999999993,23.0500000000029,6
-114.849999999999,23.0500000000029,6
47.4500000000007,23.0500000000029,6
-206.25,24.0500000000029,1
-134.75,23.5500000000029,6
-43.9499999999989,25.0500000000029,4
41.9500000000007,23.5500000000029,6
278.35,23.5500000000029,4
-75.1499999999996,27.5500000000029,6
-60.25,25.0500000000029,6
-12.6499999999996,24.5500000000029,6
-4.14999999999964,24.5500000000029,6
-141.25,25.5500000000029,3
-121.349999999999,25.0500000000029,6
-30.0499999999993,24.5500000000029,6
21.6500000000015,24.5500000000029,6
113.950000000001,24.5500000000029,6
-178.449999999999,25.0500000000029,4
-150.15,25.0500000000029,4
-126.849999999999,26.0500000000029,6
-102.449999999999,25.5500000000029,6
12.6500000000015,25.5500000000029,6
-212.25,25.5500000000029,1
-168.049999999999,27.0500000000029,6
-195.849999999999,27.0500000000029,4
-47.8499999999985,26.0500000000029,4
84.1500000000015,29.0500000000029,5
-22.0499999999993,27.0500000000029,5
32.5500000000011,26.5500000000029,6
73.25,27.0500000000029,4
90.1500000000015,29.0500000000029,6
-69.25,27.0500000000029,4
-39.9499999999989,27.5500000000029,6
-316.949999999999,27.5500000000029,4
4.75,28.0500000000029,6
95.1500000000015,27.5500000000029,6
-156.15,28.5500000000029,6
46.9500000000007,29.0500000000029,1
145.75,27.5500000000029,6
-135.25,29.0500000000029,4
-96.5499999999993,29.0500000000029,5
-17.0499999999993,28.0500000000029,6
-115.849999999999,29.5500000000029,6
-105.949999999999,29.0500000000029,5
-85.6499999999996,29.5500000000029,6
19.1500000000015,28.5500000000029,6
-31.4499999999989,29.5500000000029,6
-1.75,29.5500000000029,6
-149.65,30.0500000000029,4
110.450000000001,31.0500000000029,5
118.950000000001,30.5500000000029,6
-330.849999999999,32.0500000000029,10
-218.65,31.5500000000029,1
-183.949999999999,31.0500000000029,3
37.0500000000011,31.0500000000029,6
66.3500000000004,31.5500000000029,6
-189.349999999999,32.0500000000029,6
-164.549999999999,31.0500000000029,4
-122.849999999999,32.0500000000029,6
-90.5499999999993,32.5500000000029,6
-61.75,30.5500000000029,6
-55.8499999999985,31.0500000000029,6
-47.8499999999985,31.5500000000029,6
-9.14999999999964,30.0500000000029,5
26.5500000000011,32.0500000000029,6
76.75,32.0500000000029,6
-180.949999999999,33.4499999999971,6
-208.25,33.9499999999971,1
3.25,34.4499999999971,6
50.4500000000007,33.0500000000029,6
-223.65,33.9499999999971,1
-16.0499999999993,33.9499999999971,6
115.450000000001,33.9499999999971,6
134.35,34.9499999999971,6
-113.449999999999,34.9499999999971,6
-78.1499999999996,33.9499999999971,6
-35.9499999999989,33.9499999999971,6
-21.5499999999993,35.9499999999971,6
103.050000000001,34.9499999999971,4
-103.949999999999,34.9499999999971,6
-85.1499999999996,35.4499999999971,6
-69.75,34.4499999999971,6
42.4500000000007,34.9499999999971,6
57.3500000000004,32.5500000000029,6
-166.549999999999,34.9499999999971,6
-98.0499999999993,35.4499999999971,4
-50.8499999999985,36.4499999999971,4
-29.5499999999993,35.4499999999971,5
-258.349999999999,35.4499999999971,4
-143.15,35.9499999999971,4
-62.25,36.4499999999971,6
15.6500000000015,35.9499999999971,6
96.5500000000011,36.4499999999971,4
-197.349999999999,37.9499999999971,6
-136.25,35.9499999999971,4
-56.8499999999985,36.9499999999971,5
-41.4499999999989,34.9499999999971,6
33.5500000000011,35.9499999999971,6
-128.75,38.4499999999971,4
68.75,35.9499999999971,5
83.6500000000015,36.4499999999971,6
-191.349999999999,37.9499999999971,6
-93.0499999999993,36.9499999999971,5
-8.64999999999964,36.9499999999971,5
75.75,37.4499999999971,6
-153.65,37.9499999999971,4
-74.1499999999996,37.4499999999971,5
-25.5499999999993,37.9499999999971,6
9.75,38.4499999999971,4
-245.949999999999,42.4499999999971,4
53.4500000000007,38.4499999999971,5
60.3500000000004,38.9499999999971,6
-216.65,38.9499999999971,3
-14.1499999999996,39.9499999999971,6
46.4500000000007,39.4499999999971,6
115.450000000001,38.9499999999971,6
-176.949999999999,39.9499999999971,4
-104.449999999999,39.9499999999971,4
-41.9499999999989,42.4499999999971,4
-240.049999999999,40.4499999999971,5
-143.15,40.4499999999971,4
1.75,41.9499999999971,6
-182.949999999999,40.9499999999971,4
-96.5499999999993,40.9499999999971,6
-64.25,41.4499999999971,6
17.1500000000015,41.4499999999971,6
25.1500000000015,41.4499999999971,5
-84.6499999999996,41.9499999999971,6
-56.8499999999985,41.9499999999971,4
-109.449999999999,44.9499999999971,6
-30.4499999999989,42.9499999999971,6
34.0500000000011,41.9499999999971,6
-75.6499999999996,43.9499999999971,6
-50.8499999999985,42.4499999999971,4
-12.6499999999996,42.9499999999971,6
-5.14999999999964,42.4499999999971,6
81.25,42.4499999999971,4
-169.049999999999,44.9499999999971,6
-70.75,43.4499999999971,6
43.9500000000007,42.9499999999971,6
51.4500000000007,43.9499999999971,4
-188.349999999999,44.4499999999971,6
-121.349999999999,43.4499999999971,6
-24.5499999999993,44.4499999999971,6
75.75,43.9499999999971,4
-129.25,45.4499999999971,6
-90.0499999999993,44.4499999999971,4
-78.6499999999996,44.4499999999971,6
11.75,44.4499999999971,6
20.1500000000015,44.9499999999971,6
30.5500000000011,44.9499999999971,6
38.5500000000011,44.4499999999971,6
68.3500000000004,45.9499999999971,4
-135.75,47.3499999999985,6
108.050000000001,45.4499999999971,6
-207.25,46.4499999999971,3
-141.25,46.4499999999971,1
-58.75,46.4499999999971,5
-0.75,46.9499999999971,6
-180.449999999999,48.3499999999985,4
-64.25,47.3499999999985,6
25.1500000000015,46.9499999999971,6
-15.1499999999996,46.4499999999971,6
-145.65,48.3499999999985,1
-38.9499999999989,47.3499999999985,6
-48.3499999999985,47.3499999999985,4
-20.5499999999993,47.3499999999985,6
16.6500000000015,47.8499999999985,6
46.9500000000007,48.3499999999985,6
142.75,48.8499999999985,6
-195.349999999999,52.8499999999985,4
-127.349999999999,48.3499999999985,1
-103.949999999999,48.8499999999985,5
-100.449999999999,48.8499999999985,5
-95.0499999999993,48.3499999999985,4
-31.4499999999989,48.3499999999985,4
10.25,49.3499999999985,4
-80.1499999999996,49.3499999999985,4
-72.25,48.8499999999985,4
-10.6499999999996,48.8499999999985,6
-52.3499999999985,50.3499999999985,4
3.75,48.8499999999985,6
-35.9499999999989,49.3499999999985,6
-118.849999999999,51.3499999999985,6
-63.75,51.3499999999985,6
42.4500000000007,49.8499999999985,4
-150.65,51.8499999999985,1
-76.1499999999996,51.8499999999985,4
17.1500000000015,51.8499999999985,4
-155.15,53.8499999999985,6
-108.449999999999,51.8499999999985,6
-41.4499999999989,51.8499999999985,4
-246.949999999999,51.3499999999985,3
-99.5499999999993,52.3499999999985,5
-174.449999999999,53.3499999999985,1
-21.5499999999993,53.3499999999985,6
-186.849999999999,54.3499999999985,4
-31.9499999999989,53.8499999999985,6
-58.25,55.3499999999985,4
29.0500000000011,52.8499999999985,6
-166.049999999999,54.8499999999985,1
-124.349999999999,54.8499999999985,6
21.6500000000015,54.3499999999985,6
36.0500000000011,54.8499999999985,1
-137.75,55.8499999999985,6
-74.6499999999996,55.3499999999985,4
-68.25,55.3499999999985,4
9.75,55.8499999999985,4
69.25,58.3499999999985,6
84.1500000000015,55.8499999999985,3
-170.549999999999,55.8499999999985,1
-27.5499999999993,55.8499999999985,6
108.550000000001,55.3499999999985,4
-179.449999999999,56.8499999999985,6
-129.25,56.8499999999985,1
-43.9499999999989,59.3499999999985,4
-106.949999999999,58.3499999999985,4
-6.64999999999964,57.3499999999985,4
148.75,56.8499999999985,6
-116.349999999999,56.8499999999985,4
-93.0499999999993,56.8499999999985,4
-13.6499999999996,56.3499999999985,6
142.25,57.3499999999985,4
-138.75,59.8499999999985,6
-119.349999999999,59.3499999999985,4
-85.6499999999996,59.3499999999985,6
86.6500000000015,60.8499999999985,4
-20.5499999999993,60.3499999999985,4
-229.549999999999,60.8499999999985,5
-161.049999999999,60.3499999999985,1
-25.5499999999993,60.8499999999985,6
-132.75,60.8499999999985,6
-34.9499999999989,60.3499999999985,4
-176.449999999999,64.25,6
-170.549999999999,62.25,1
-126.349999999999,61.75,6
-113.449999999999,60.8499999999985,6
23.1500000000015,61.3499999999985,6
107.550000000001,63.25,6
-182.949999999999,62.75,6
-64.25,60.8499999999985,4
33.0500000000011,61.3499999999985,6
64.8500000000004,62.25,6
-73.6499999999996,63.25,6
-58.25,62.75,6
-142.25,62.75,6
-30.0499999999993,63.75,4
-70.25,63.75,6
8.25,64.75,4
-165.049999999999,64.75,1
-154.65,64.75,6
-147.15,64.25,4
-90.0499999999993,65.25,6
-54.8499999999985,66.25,6
-59.25,67.75,6
-26.5499999999993,66.25,4
21.1500000000015,66.75,6
31.5500000000011,66.75,6
-113.949999999999,66.75,4
-67.25,68.25,6
-122.849999999999,67.75,1
-84.1499999999996,68.25,3
-173.449999999999,68.25,6
-179.949999999999,69.25,1
-154.15,69.25,6
26.5500000000011,69.75,6
177.550000000001,68.25,2
54.8500000000004,69.25,6
-219.15,69.25,5
-94.5499999999993,69.25,6
116.450000000001,69.75,1
60.3500000000004,70.75,6
-74.1499999999996,71.75,4
-132.25,71.25,6
-24.5499999999993,72.25,4
6.75,71.75,3
110.950000000001,70.75,4
-113.949999999999,72.75,4
-8.14999999999964,72.25,4
-270.25,72.25,1
-152.65,74.75,6
-13.1499999999996,72.75,4
-175.449999999999,72.75,6
-166.049999999999,73.75,4
-155.65,74.75,1
-80.6499999999996,73.75,6
-18.5499999999993,73.75,6
-160.549999999999,74.75,1
-137.25,75.25,1
55.8500000000004,74.75,4
-110.449999999999,74.75,4
-86.5499999999993,74.75,4
-125.849999999999,75.25,4
-65.75,74.75,4
-45.8499999999985,74.75,6
-38.4499999999989,77.1500000000015,4
102.550000000001,74.75,4
114.950000000001,75.6500000000015,5
-188.849999999999,75.6500000000015,4
-94.0499999999993,75.25,4
-57.3499999999985,75.6500000000015,6
-147.65,74.75,6
-5.14999999999964,76.1500000000015,4
15.6500000000015,77.1500000000015,6
67.8500000000004,77.6500000000015,6
93.6500000000015,76.1500000000015,6
-122.349999999999,76.6500000000015,6
-103.949999999999,78.1500000000015,4
-50.3499999999985,75.25,6
-130.75,77.6500000000015,4
-77.6499999999996,77.6500000000015,4
-14.6499999999996,77.6500000000015,4
60.3500000000004,78.6500000000015,6
-185.849999999999,79.6500000000015,6
-91.0499999999993,79.6500000000015,6
69.75,79.6500000000015,6
-117.849999999999,81.1500000000015,4
-41.9499999999989,81.6500000000015,4
-138.25,80.1500000000015,4
-108.449999999999,81.1500000000015,6
-155.15,82.1500000000015,1
-147.15,82.1500000000015,1
-99.5499999999993,81.6500000000015,6
-48.8499999999985,83.6500000000015,4
-19.5499999999993,81.6500000000015,6
52.9500000000007,81.6500000000015,4
-57.8499999999985,84.1500000000015,6
5.75,82.6500000000015,6
-230.549999999999,82.6500000000015,5
-34.4499999999989,84.1500000000015,3
-2.64999999999964,83.1500000000015,6
62.3500000000004,83.6500000000015,6
-75.1499999999996,84.1500000000015,4
68.3500000000004,88.1500000000015,6
-92.0499999999993,85.1500000000015,4
-68.75,84.6500000000015,4
-9.64999999999964,83.1500000000015,6
12.1500000000015,84.1500000000015,6
-15.1499999999996,85.1500000000015,6
-110.949999999999,88.1500000000015,5
129.85,86.1500000000015,1
-143.15,87.1500000000015,1
-127.849999999999,86.1500000000015,1
79.75,87.6500000000015,5
-377.549999999999,88.6500000000015,2
-97.5499999999993,87.6500000000015,4
-79.6499999999996,88.1500000000015,4
20.6500000000015,88.6500000000015,4
45.4500000000007,89.1500000000015,4
59.3500000000004,87.1500000000015,6
-136.75,87.6500000000015,1
-118.349999999999,88.6500000000015,6
-0.25,88.1500000000015,4
-103.949999999999,88.6500000000015,4
-90.0499999999993,89.5500000000029,6
-52.8499999999985,88.1500000000015,5
-43.9499999999989,88.6500000000015,6
140.75,88.6500000000015,1
-13.1499999999996,88.6500000000015,4
91.1500000000015,92.0500000000029,4
51.9500000000007,89.1500000000015,6
-162.549999999999,90.5500000000029,1
-85.1499999999996,90.5500000000029,6
14.1500000000015,90.0500000000029,4
0.25,91.0500000000029,6
126.35,91.0500000000029,1
-181.949999999999,91.0500000000029,6
-33.4499999999989,92.5500000000029,3
-6.14999999999964,91.0500000000029,4
79.25,91.5500000000029,6
-127.849999999999,92.0500000000029,4
-72.25,92.0500000000029,6
-62.25,92.0500000000029,4
-233.049999999999,92.0500000000029,6
-146.65,93.0500000000029,1
-119.849999999999,92.5500000000029,6
-57.3499999999985,92.5500000000029,8
-99.5499999999993,93.5500000000029,4
-47.3499999999985,93.5500000000029,4
6.25,93.5500000000029,4
40.0500000000011,97.5500000000029,6
-244.449999999999,94.0500000000029,6
-172.949999999999,96.5500000000029,6
-139.25,95.0500000000029,5
-109.949999999999,95.0500000000029,5
-11.1499999999996,96.0500000000029,4
-91.5499999999993,94.5500000000029,6
-16.5499999999993,95.5500000000029,4
16.6500000000015,95.5500000000029,6
-85.6499999999996,96.0500000000029,4
-23.5499999999993,95.5500000000029,5
82.6500000000015,97.0500000000029,6
-161.549999999999,96.5500000000029,1
-75.1499999999996,95.5500000000029,4
-65.75,96.0500000000029,6
10.75,95.5500000000029,6
26.5500000000011,97.0500000000029,6
-51.8499999999985,97.0500000000029,4
-4.64999999999964,98.5500000000029,4
-125.349999999999,97.5500000000029,1
90.1500000000015,97.5500000000029,6
6.25,98.0500000000029,6
71.25,97.5500000000029,3
-82.6499999999996,98.5500000000029,4
34.0500000000011,99.0500000000029,6
-240.949999999999,98.5500000000029,4
30.5500000000011,99.5500000000029,4
-230.049999999999,99.0500000000029,5
1.75,99.5500000000029,6
-105.449999999999,100.050000000003,4
-87.5499999999993,99.5500000000029,4
21.6500000000015,99.0500000000029,6
-97.0499999999993,100.050000000003,4
-33.4499999999989,100.050000000003,4
-16.0499999999993,101.050000000003,4
-68.25,100.550000000003,6
15.6500000000015,101.550000000003,6
-162.549999999999,103.050000000003,4
-53.8499999999985,101.050000000003,4
-23.0499999999993,101.550000000003,4
95.1500000000015,102.050000000003,4
-74.1499999999996,102.050000000003,4
45.4500000000007,102.050000000003,6
-113.449999999999,103.550000000003,1
-58.75,102.550000000003,4
-9.14999999999964,102.550000000003,4
4.75,103.050000000003,4
88.1500000000015,104.949999999997,6
50.9500000000007,105.949999999997,6
-156.15,104.449999999997,6
-137.25,103.550000000003,6
26.5500000000011,105.449999999997,6
-204.75,106.449999999997,6
-46.3499999999985,105.449999999997,6
11.75,104.449999999997,6
-230.549999999999,104.449999999997,6
-93.5499999999993,104.949999999997,6
-240.949999999999,105.949999999997,4
-40.9499999999989,105.949999999997,8
-18.0499999999993,106.949999999997,5
65.3500000000004,105.949999999997,6
-99.0499999999993,106.449999999997,6
-85.6499999999996,106.449999999997,1
-30.9499999999989,107.449999999997,4
21.1500000000015,105.949999999997,6
-169.549999999999,108.949999999997,6
-150.15,106.449999999997,6
-77.6499999999996,106.449999999997,3
-53.8499999999985,107.949999999997,4
13.6500000000015,107.949999999997,6
57.3500000000004,107.449999999997,4
96.5500000000011,107.949999999997,4
109.050000000001,107.449999999997,4
-57.8499999999985,110.449999999997,6
3.75,108.949999999997,4
64.8500000000004,110.449999999997,6
-224.65,111.949999999997,3
-101.949999999999,109.449999999997,4
-37.9499999999989,109.949999999997,6
130.35,108.949999999997,6
-144.15,110.449999999997,6
-92.0499999999993,110.449999999997,4
91.6500000000015,109.449999999997,4
-26.5499999999993,110.449999999997,6
10.75,109.949999999997,6
-196.849999999999,110.949999999997,6
18.6500000000015,112.449999999997,6
-190.349999999999,111.449999999997,1
78.75,112.449999999997,1
54.8500000000004,112.949999999997,6
106.550000000001,113.449999999997,6
-176.449999999999,112.949999999997,4
-163.049999999999,115.449999999997,6
-156.549999999999,113.449999999997,6
-46.8499999999985,112.449999999997,5
13.1500000000015,112.949999999997,4
-109.449999999999,113.949999999997,4
-75.6499999999996,112.949999999997,1
-15.6499999999996,113.949999999997,1
-202.25,113.949999999997,1
-128.349999999999,114.949999999997,4
112.450000000001,114.449999999997,6
118.950000000001,114.949999999997,6
131.35,115.949999999997,4
-114.349999999999,115.949999999997,4
-94.5499999999993,115.949999999997,4
-68.75,117.449999999997,1
9.25,115.949999999997,4
-234.049999999999,119.849999999999,3
-101.949999999999,116.949999999997,4
-53.8499999999985,115.949999999997,4
-41.4499999999989,116.949999999997,4
63.8500000000004,116.449999999997,6
-122.849999999999,116.949999999997,6
-88.5499999999993,116.949999999997,4
-60.25,117.449999999997,4
-22.0499999999993,117.449999999997,6
23.1500000000015,116.949999999997,4
73.75,117.849999999999,6
-170.949999999999,117.449999999997,6
-194.849999999999,117.849999999999,3
-33.9499999999989,116.949999999997,6
-225.65,122.349999999999,6
-106.949999999999,119.349999999999,4
-46.8499999999985,119.349999999999,4
-154.65,120.849999999999,4
141.75,119.849999999999,1
-75.1499999999996,120.349999999999,6
-187.849999999999,123.849999999999,6
-133.25,120.849999999999,6
-126.349999999999,121.849999999999,6
-117.849999999999,122.849999999999,4
-97.0499999999993,121.849999999999,4
-39.4499999999989,122.849999999999,6
67.8500000000004,122.349999999999,6
129.85,121.849999999999,6
-174.949999999999,121.849999999999,3
61.8500000000004,122.349999999999,6
94.1500000000015,120.849999999999,4
-25.5499999999993,124.849999999999,4
122.950000000001,122.349999999999,6
136.85,122.849999999999,5
-83.1499999999996,123.849999999999,4
-55.3499999999985,124.849999999999,6
21.1500000000015,124.849999999999,4
1.25,123.349999999999,6
-49.8499999999985,123.849999999999,4
117.450000000001,125.349999999999,4
-216.65,123.849999999999,6
-170.949999999999,124.849999999999,6
-163.049999999999,124.349999999999,5
-19.5499999999993,122.349999999999,6
-196.849999999999,125.349999999999,1
-32.9499999999989,125.849999999999,4
-70.25,127.849999999999,4
-76.1499999999996,127.849999999999,4
-124.349999999999,126.849999999999,6
-99.5499999999993,126.349999999999,4
-130.25,128.349999999999,6
-119.849999999999,128.849999999999,6
-107.949999999999,126.849999999999,6
-177.949999999999,130.849999999999,3
-92.0499999999993,129.349999999999,6
49.4500000000007,129.349999999999,6
129.35,128.349999999999,6
144.25,128.349999999999,5
-112.449999999999,130.849999999999,3
-84.6499999999996,128.849999999999,4
-41.9499999999989,127.849999999999,6
-101.449999999999,130.349999999999,6
-50.3499999999985,129.349999999999,6
-192.849999999999,131.349999999999,6
-64.75,130.849999999999,5
-55.8499999999985,130.849999999999,6
8.25,129.849999999999,1
-20.0499999999993,132.25,3
-93.5499999999993,134.25,4
-79.6499999999996,132.75,4
11.25,132.75,3
145.75,132.75,6
-34.9499999999989,133.25,6
94.6500000000015,133.75,6
-100.049999999999,134.25,3
-132.75,134.75,6
-74.6499999999996,136.75,4
-46.3499999999985,135.25,4
-124.349999999999,136.25,4
-64.25,137.25,4
-40.9499999999989,136.75,5
-27.5499999999993,138.75,6
-83.1499999999996,138.25,4
-84.6499999999996,142.25,4
-35.9499999999989,140.75,4
-12.6499999999996,143.25,6
-58.75,142.25,5
-47.8499999999985,142.25,4
-210.25,142.75,4
-22.0499999999993,143.25,6
4.25,143.25,4
-169.049999999999,145.25,4
-31.9499999999989,145.25,6
-38.4499999999989,146.150000000001,4
-129.75,147.650000000001,4
-51.3499999999985,147.650000000001,4
-42.9499999999989,148.150000000001,4
8.75,147.650000000001,4
-18.0499999999993,148.650000000001,6
140.75,148.150000000001,3
52.4500000000007,149.150000000001,8
150.25,149.150000000001,4
-26.0499999999993,150.650000000001,5
-118.349999999999,151.650000000001,8
-125.349999999999,152.150000000001,6
-35.4499999999989,153.650000000001,4
57.3500000000004,154.650000000001,6
50.4500000000007,155.650000000001,4
147.75,153.650000000001,4
-96.5499999999993,154.650000000001,4
125.85,154.650000000001,4
134.85,155.150000000001,5
-186.849999999999,156.150000000001,6
-13.6499999999996,156.150000000001,6
86.6500000000015,159.150000000001,4
-128.349999999999,156.650000000001,4
76.75,156.650000000001,4
-22.0499999999993,157.150000000001,4
141.25,158.150000000001,4
62.3500000000004,158.650000000001,6
-35.9499999999989,159.650000000001,4
48.4500000000007,159.650000000001,6
-24.5499999999993,161.050000000003,4
-181.949999999999,160.550000000003,4
82.25,160.550000000003,4
-15.1499999999996,161.550000000003,6
130.85,162.550000000003,5
-169.049999999999,162.050000000003,3
27.0500000000011,162.050000000003,1
-127.849999999999,163.550000000003,6
-9.14999999999964,163.550000000003,4
46.4500000000007,163.050000000003,4
57.3500000000004,163.050000000003,6
119.950000000001,162.550000000003,4
51.4500000000007,163.050000000003,6
75.25,164.050000000003,5
-37.4499999999989,166.550000000003,8
-13.1499999999996,167.050000000003,6
58.8500000000004,166.050000000003,6
66.3500000000004,166.550000000003,4
40.4500000000007,167.550000000003,6
47.9500000000007,168.050000000003,6
414.85,168.050000000003,1
16.6500000000015,169.050000000003,1
-24.5499999999993,168.550000000003,8
-108.449999999999,169.550000000003,6
-90.0499999999993,170.050000000003,6
52.4500000000007,171.550000000003,6
61.8500000000004,171.050000000003,4
72.75,171.050000000003,5
45.9500000000007,173.050000000003,6
-0.75,173.550000000003,1
-141.75,174.449999999997,6
-106.949999999999,174.449999999997,4
-16.0499999999993,173.949999999997,8
78.25,174.949999999997,4
-56.8499999999985,177.449999999997,10
28.0500000000011,183.449999999997,4
76.25,183.449999999997,4
-11.6499999999996,183.449999999997,4
102.050000000001,183.949999999997,10
-18.0499999999993,185.949999999997,8
-4.14999999999964,187.849999999999,5
21.1500000000015,188.349999999999,4
-39.9499999999989,191.849999999999,4
70.75,191.349999999999,10
22.1500000000015,192.849999999999,4
27.0500000000011,192.349999999999,6
-7.64999999999964,193.849999999999,5
-38.4499999999989,197.349999999999,5
70.75,198.349999999999,4
-47.8499999999985,197.849999999999,5
65.8500000000004,200.849999999999,4
58.3500000000004,202.25,4
-18.5499999999993,205.75,5
22.6500000000015,205.75,6
2.75,208.75,4
-11.6499999999996,210.25,4
28.0500000000011,210.25,4
-4.64999999999964,212.25,4
3.25,213.25,4
19.6500000000015,213.25,4
407.85,223.650000000001,10
-365.15,229.150000000001,4
21.1500000000015,241.050000000003,10
-338.849999999999,278.25,4
-342.25,297.150000000001,3
-347.25,298.150000000001,3
-282.75,337.849999999999,4
-308.049999999999,362.650000000001,4
164.150000000001,365.150000000001,1
124.85,425.25,8
-120.849999999999,435.150000000001,4
-197.849999999999,454.949999999997,2
339.85,527.449999999997,10
179.050000000001,541.849999999999,10
342.85,575.150000000001,10
-441.049999999999,597.949999999997,1
-463.949999999999,608.449999999997,3
-463.949999999999,613.349999999999,3
388.050000000001,658.050000000003,10
381.550000000001,658.550000000003,10
380.550000000001,665.050000000003,10
311.050000000001,687.349999999999,10
-187.849999999999,1.25,3
-108.449999999999,1.25,3
-59.75,1.25,3
-54.8499999999985,2.25,3
-2.64999999999964,1.25,3
33.5500000000011,1.25,3
89.1500000000015,1.25,3
94.6500000000015,2.25,3
104.050000000001,1.75,3
107.550000000001,1.75,3
141.25,2.25,3
144.75,2.25,3
160.150000000001,1.75,3
-104.449999999999,3.75,5
148.25,3.25,3
84.6500000000015,3.75,3
128.35,5.65000000000146,6
-194.349999999999,7.15000000000146,6
-100.049999999999,9.15000000000146,6
-182.449999999999,13.1500000000015,1
-113.949999999999,13.1500000000015,6
124.85,15.1500000000015,6
114.950000000001,16.1500000000015,6
-68.75,18.1500000000015,6
-180.449999999999,22.0500000000029,6
78.25,25.0500000000029,4
-200.75,28.5500000000029,1
41.4500000000007,29.0500000000029,1
-141.75,31.5500000000029,4
-67.25,31.5500000000029,3
-213.15,34.4499999999971,1
-119.349999999999,36.4499999999971,1
28.0500000000011,37.9499999999971,6
-90.5499999999993,39.9499999999971,6
-47.8499999999985,40.4499999999971,6
7.75,42.4499999999971,6
-176.949999999999,44.9499999999971,6
78.25,46.9499999999971,4
-140.25,52.3499999999985,1
30.0500000000011,59.8499999999985,3
11.25,62.75,3
82.25,66.25,3
-110.449999999999,67.25,3
-101.449999999999,73.25,6
49.9500000000007,79.1500000000015,4
-76.1499999999996,89.5500000000029,4
-68.25,89.1500000000015,6
-166.049999999999,95.0500000000029,6
-60.75,97.5500000000029,4
-63.75,101.550000000003,4
-61.25,106.449999999997,4
30.0500000000011,106.449999999997,4
-192.849999999999,109.449999999997,3
60.8500000000004,114.449999999997,6
4.25,114.949999999997,1
28.5500000000011,119.849999999999,1
-14.6499999999996,120.849999999999,1
-169.549999999999,121.849999999999,6
-28.5499999999993,122.849999999999,4
-44.8499999999985,123.849999999999,4
-192.849999999999,125.849999999999,6
32.5500000000011,130.349999999999,3
-130.25,133.75,3
-37.4499999999989,137.75,5
118.950000000001,140.75,3
141.25,144.25,4
-192.349999999999,160.050000000003,8
20.6500000000015,171.550000000003,1
-4.14999999999964,183.449999999997,4
-27.0499999999993,198.849999999999,3
-43.9499999999989,199.849999999999,5
49.4500000000007,202.25,1
-35.9499999999989,202.75,1
-114.849999999999,1.75,3
